ticker,name
NVDA,NVIDIA CORP
AAPL,Apple Inc.
MSFT,MICROSOFT CORP
AMZN,AMAZON COM INC
AVGO,Broadcom Inc.
TSLA,"Tesla, Inc."
META,"Meta Platforms, Inc."
MU,MICRON TECHNOLOGY INC
LLY,ELI LILLY & Co
WMT,Walmart Inc.
AMD,ADVANCED MICRO DEVICES INC
XOM,EXXON MOBIL CORP
V,VISA INC.
INTC,INTEL CORP
JNJ,JOHNSON & JOHNSON
CSCO,"CISCO SYSTEMS, INC."
COST,COSTCO WHOLESALE CORP /NEW
MA,Mastercard Inc
CAT,CATERPILLAR INC
LRCX,LAM RESEARCH CORP
ABBV,AbbVie Inc.
CVX,CHEVRON CORP
AMAT,APPLIED MATERIALS INC /DE
KO,COCA COLA CO
UNH,UNITEDHEALTH GROUP INC
PG,PROCTER & GAMBLE Co
GE,GENERAL ELECTRIC CO
PLTR,Palantir Technologies Inc.
HD,"HOME DEPOT, INC."
MRK,"Merck & Co., Inc."
TXN,TEXAS INSTRUMENTS INC
AZN,ASTRAZENECA PLC
GEV,GE Vernova Inc.
PM,Philip Morris International Inc.
KLAC,KLA CORP
QCOM,QUALCOMM INC/DE
RTX,RTX Corp
LIN,LINDE PLC
IBM,INTERNATIONAL BUSINESS MACHINES CORP
SNDK,Sandisk Corp
AXP,AMERICAN EXPRESS CO
PANW,Palo Alto Networks Inc
ADI,ANALOG DEVICES INC
VZ,VERIZON COMMUNICATIONS INC
ANET,"Arista Networks, Inc."
TTE,TotalEnergies SE
PEP,PEPSICO INC
MCD,MCDONALDS CORP
DELL,Dell Technologies Inc.
RTNTF,RIO TINTO LTD
MRVL,"Marvell Technology, Inc."
AMGN,AMGEN INC
WDC,WESTERN DIGITAL CORP
DIS,Walt Disney Co
TJX,TJX COMPANIES INC /DE/
APH,AMPHENOL CORP /DE/
APP,AppLovin Corp
GLW,CORNING INC /NY
BLK,"BlackRock, Inc."
TMO,THERMO FISHER SCIENTIFIC INC.
GILD,"GILEAD SCIENCES, INC."
UNP,UNION PACIFIC CORP
SCCO,SOUTHERN COPPER CORP/
UBS,UBS Group AG
ETN,Eaton Corp plc
ISRG,INTUITIVE SURGICAL INC
WELL,WELLTOWER INC.
ABT,ABBOTT LABORATORIES
PFE,PFIZER INC
CRM,"Salesforce, Inc."
HON,HONEYWELL INTERNATIONAL INC
BX,Blackstone Inc.
DE,DEERE & CO
UBER,"Uber Technologies, Inc"
COP,CONOCOPHILLIPS
IBKR,"Interactive Brokers Group, Inc."
SHOP,SHOPIFY INC.
CB,Chubb Ltd
LMT,LOCKHEED MARTIN CORP
DHR,DANAHER CORP /DE/
SPGI,S&P Global Inc.
MO,"ALTRIA GROUP, INC."
SYK,STRYKER CORP
LOW,LOWES COMPANIES INC
CVS,CVS HEALTH Corp
PGR,PROGRESSIVE CORP/OH/
SBUX,STARBUCKS CORP
PWR,"QUANTA SERVICES, INC."
VRTX,VERTEX PHARMACEUTICALS INC / MA
ACN,Accenture plc
CEG,Constellation Energy Corp
PH,Parker-Hannifin Corp
SPOT,Spotify Technology S.A.
EQIX,EQUINIX INC
CDNS,CADENCE DESIGN SYSTEMS INC
HWM,Howmet Aerospace Inc.
NOW,"ServiceNow, Inc."
SNPS,SYNOPSYS INC
CME,CME GROUP INC.
TT,Trane Technologies plc
MDT,Medtronic plc
MAR,MARRIOTT INTERNATIONAL INC /MD/
FTNT,"Fortinet, Inc."
CNQ,CANADIAN NATURAL RESOURCES LTD
ADBE,ADOBE INC.
FDX,FEDEX CORP
WMB,"WILLIAMS COMPANIES, INC."
GD,GENERAL DYNAMICS CORP
FCX,FREEPORT-MCMORAN INC
CMI,CUMMINS INC
MCK,MCKESSON CORP
AEM,AGNICO EAGLE MINES LTD
ADP,AUTOMATIC DATA PROCESSING INC
HCA,"HCA Healthcare, Inc."
BE,Bloom Energy Corp
AMT,AMERICAN TOWER CORP /MA/
SLB,SLB LIMITED/NV
UPS,UNITED PARCEL SERVICE INC
WM,WASTE MANAGEMENT INC
CSX,CSX CORP
BSX,BOSTON SCIENTIFIC CORP
ASX,"ASE Technology Holding Co., Ltd."
JCI,Johnson Controls International plc
MNST,Monster Beverage Corp
CIEN,CIENA CORP
ICE,"Intercontinental Exchange, Inc."
ELV,"Elevance Health, Inc."
NXPI,NXP Semiconductors N.V.
MELI,MERCADOLIBRE INC
INTU,INTUIT INC.
RKLB,Rocket Lab Corp
MPWR,MONOLITHIC POWER SYSTEMS INC
MMM,3M CO
DDOG,"Datadog, Inc."
CP,CANADIAN PACIFIC KANSAS CITY LTD/CN
NOC,NORTHROP GRUMMAN CORP /DE/
EMR,EMERSON ELECTRIC CO
MCO,MOODYS CORP /DE/
ABNB,"Airbnb, Inc."
MDLZ,"Mondelez International, Inc."
BAM,Brookfield Asset Management Ltd.
MRSH,"MARSH & MCLENNAN COMPANIES, INC."
SU,SUNCOR ENERGY INC
CVNA,CARVANA CO.
NET,"Cloudflare, Inc."
SHW,SHERWIN WILLIAMS CO
ROST,"ROSS STORES, INC."
COHR,COHERENT CORP.
ORLY,O REILLY AUTOMOTIVE INC
CI,Cigna Group
EOG,EOG RESOURCES INC
MPC,Marathon Petroleum Corp
CL,COLGATE PALMOLIVE CO
ITW,ILLINOIS TOOL WORKS INC
GM,General Motors Co
NSC,NORFOLK SOUTHERN CORP
RCL,ROYAL CARIBBEAN CRUISES LTD
VLO,VALERO ENERGY CORP/TX
ECL,ECOLAB INC.
AEP,AMERICAN ELECTRIC POWER CO INC
CNI,CANADIAN NATIONAL RAILWAY CO
B,BARRICK MINING CORP
VALE,Vale S.A.
PSX,Phillips 66
TDG,TransDigm Group INC
AON,Aon plc
CTAS,CINTAS CORP
CRH,CRH PUBLIC LTD CO
MSI,"Motorola Solutions, Inc."
WBD,"Warner Bros. Discovery, Inc."
DASH,"DoorDash, Inc."
HOOD,"Robinhood Markets, Inc."
NKE,"NIKE, Inc."
REGN,"REGENERON PHARMACEUTICALS, INC."
BKR,Baker Hughes Co
FIX,COMFORT SYSTEMS USA INC
TRV,"TRAVELERS COMPANIES, INC."
APD,"Air Products & Chemicals, Inc."
IMO,IMPERIAL OIL LTD
RSG,"REPUBLIC SERVICES, INC."
SNOW,Snowflake Inc.
TER,"TERADYNE, INC"
TEL,TE Connectivity plc
KEYS,"Keysight Technologies, Inc."
LSEGY,London Stock Exchange Group plc
URI,"UNITED RENTALS, INC."
AFL,AFLAC INC
D,"DOMINION ENERGY, INC"
WPM,Wheaton Precious Metals Corp.
GWW,"W.W. GRAINGER, INC."
PCAR,PACCAR INC
LHX,"L3HARRIS TECHNOLOGIES, INC. /DE/"
RACE,Ferrari N.V.
TRGP,Targa Resources Corp.
CRWV,"CoreWeave, Inc."
OKE,ONEOK INC /NEW/
TGT,TARGET CORP
VST,Vistra Corp.
ALAB,"Astera Labs, Inc."
FANG,"Diamondback Energy, Inc."
NUE,NUCOR CORP
SE,Sea Ltd
CARR,CARRIER GLOBAL Corp
CVE,CENOVUS ENERGY INC.
CBRS,Cerebras Systems Inc.
CTVA,"Corteva, Inc."
COR,"Cencora, Inc."
UMC,UNITED MICROELECTRONICS CORP
NBIS,Nebius Group N.V.
AME,AMETEK INC/
FLEX,FLEX LTD.
AJG,Arthur J. Gallagher & Co.
DVN,DEVON ENERGY CORP/DE
DAL,"DELTA AIR LINES, INC."
NDAQ,"NASDAQ, INC."
ETR,ENTERGY CORP /DE/
EBAY,EBAY INC
AZO,AUTOZONE INC
ABEV,AMBEV S.A.
FAST,FASTENAL CO
ROK,"ROCKWELL AUTOMATION, INC"
EW,Edwards Lifesciences Corp
EA,ELECTRONIC ARTS INC.
ARGX,ARGENX SE
ADSK,"Autodesk, Inc."
FER,Ferrovial N.V.
ON,ON SEMICONDUCTOR CORP
GFS,GLOBALFOUNDRIES Inc.
AU,AngloGold Ashanti PLC
LNG,"Cheniere Energy, Inc."
INFY,Infosys Ltd
COIN,"Coinbase Global, Inc."
CCJ,CAMECO CORP
EXC,EXELON CORP
CAH,CARDINAL HEALTH INC
ASTS,"AST SpaceMobile, Inc."
GRMN,GARMIN LTD
ODFL,"OLD DOMINION FREIGHT LINE, INC."
WAB,WESTINGHOUSE AIR BRAKE TECHNOLOGIES CORP
FNV,FRANCO NEVADA Corp
FERG,Ferguson Enterprises Inc. /DE/
IDXX,IDEXX LABORATORIES INC /DE
VTR,"Ventas, Inc."
MSCI,MSCI Inc.
CLS,CELESTICA INC
YUM,YUM BRANDS INC
FMX,MEXICAN ECONOMIC DEVELOPMENT INC
CMG,CHIPOTLE MEXICAN GRILL INC
DHI,HORTON D R INC /DE/
CRDO,Credo Technology Group Holding Ltd
BDX,BECTON DICKINSON & CO
TTWO,TAKE TWO INTERACTIVE SOFTWARE INC
AIG,"AMERICAN INTERNATIONAL GROUP, INC."
KDP,Keurig Dr Pepper Inc.
JBL,JABIL INC
PEG,PUBLIC SERVICE ENTERPRISE GROUP INC
ESLT,ELBIT SYSTEMS LTD
KR,KROGER CO
ED,CONSOLIDATED EDISON INC
RKT,"Rocket Companies, Inc."
CCI,CROWN CASTLE INC.
ALNY,"ALNYLAM PHARMACEUTICALS, INC."
WCN,"Waste Connections, Inc."
HSY,HERSHEY CO
LYV,"Live Nation Entertainment, Inc."
EME,"EMCOR Group, Inc."
IRM,IRON MOUNTAIN INC
CBRE,"CBRE GROUP, INC."
ADM,Archer-Daniels-Midland Co
CBOE,"Cboe Global Markets, Inc."
CCL,Carnival Corp Ltd.
UI,Ubiquiti Inc.
WEC,"WEC ENERGY GROUP, INC."
HUM,HUMANA INC
STLD,STEEL DYNAMICS INC
SYY,SYSCO CORP
SATS,EchoStar CORP
EQT,EQT Corp
VMC,Vulcan Materials CO
Q,"Qnity Electronics, Inc."
QSR,Restaurant Brands International Inc.
TSEM,TOWER SEMICONDUCTOR LTD
HAL,HALLIBURTON CO
PAYX,PAYCHEX INC
MLM,MARTIN MARIETTA MATERIALS INC
CHT,CHUNGHWA TELECOM CO LTD
ZTS,Zoetis Inc.
KVUE,Kenvue Inc.
NTR,Nutrien Ltd.
WAT,WATERS CORP /DE/
ALC,ALCON INC
LVS,LAS VEGAS SANDS CORP
RBLX,Roblox Corp
KMB,KIMBERLY CLARK CORP
A,"AGILENT TECHNOLOGIES, INC."
ROP,ROPER TECHNOLOGIES INC
CPRT,COPART INC
VG,"Venture Global, Inc."
SYM,Symbotic Inc.
EXR,Extra Space Storage Inc.
AXON,"AXON ENTERPRISE, INC."
EL,ESTEE LAUDER COMPANIES INC
RPRX,Royalty Pharma plc
MTZ,MASTEC INC
AEE,AMEREN CORP
WDAY,"Workday, Inc."
MDLN,Medline Inc.
EC,ECOPETROL S.A.
CASY,CASEYS GENERAL STORES INC
ATO,ATMOS ENERGY CORP
ZS,"Zscaler, Inc."
FISV,FISERV INC
NRG,"NRG ENERGY, INC."
P,"Everpure, Inc."
ZM,"Zoom Communications, Inc."
GEHC,GE HealthCare Technologies Inc.
FICO,FAIR ISAAC CORP
TDY,TELEDYNE TECHNOLOGIES INC
FSLR,"FIRST SOLAR, INC."
DOV,DOVER Corp
TWLO,TWILIO INC
NTRA,"Natera, Inc."
BIIB,BIOGEN INC.
FTI,TechnipFMC plc
AMRZ,Amrize Ltd
TPR,"TAPESTRY, INC."
IR,Ingersoll Rand Inc.
KHC,Kraft Heinz Co
CNC,CENTENE CORP
CNP,CENTERPOINT ENERGY INC
CRCL,"Circle Internet Group, Inc."
VRSN,VERISIGN INC/CA
OTIS,Otis Worldwide Corp
CPNG,"Coupang, Inc."
RDDT,"Reddit, Inc."
DXCM,DEXCOM INC
BAP,CREDICORP LTD
CW,CURTISS WRIGHT CORP
TPL,Texas Pacific Land Corp
NTAP,"NetApp, Inc."
EIX,EDISON INTERNATIONAL
NVT,nVent Electric plc
FE,FIRSTENERGY CORP
EXPE,"Expedia Group, Inc."
XYL,Xylem Inc.
AVB,AVALONBAY COMMUNITIES INC
ES,EVERSOURCE ENERGY
VEEV,VEEVA SYSTEMS INC
EQR,EQUITY RESIDENTIAL
ROL,ROLLINS INC
STZ,"CONSTELLATION BRANDS, INC."
DOW,DOW INC.
HUBB,HUBBELL INC
JBHT,HUNT J B TRANSPORT SERVICES INC
XPO,"XPO, Inc."
MDB,"MongoDB, Inc."
UTHR,UNITED THERAPEUTICS Corp
CTSH,COGNIZANT TECHNOLOGY SOLUTIONS CORP
FN,Fabrinet
PPG,PPG INDUSTRIES INC
AWK,"American Water Works Company, Inc."
WTW,WILLIS TOWERS WATSON PLC
STRL,"STERLING INFRASTRUCTURE, INC."
INSM,INSMED Inc
BG,Bunge Global SA
BNTX,BioNTech SE
WSM,WILLIAMS SONOMA INC
DRI,DARDEN RESTAURANTS INC
MKL,MARKEL GROUP INC.
CHD,CHURCH & DWIGHT CO INC /DE/
SQM,CHEMICAL & MINING CO OF CHILE INC
ATI,ATI INC
TSN,"TYSON FOODS, INC."
NI,NISOURCE INC.
DG,DOLLAR GENERAL CORP
CPAY,"CORPAY, INC."
RL,RALPH LAUREN CORP
STLA,Stellantis N.V.
EXE,EXPAND ENERGY Corp
ULTA,"Ulta Beauty, Inc."
MKSI,MKS INC
VRSK,"Verisk Analytics, Inc."
CRS,CARPENTER TECHNOLOGY CORP
PHM,PULTEGROUP INC/MI/
HPQ,HP INC
FFIV,"F5, INC."
WST,WEST PHARMACEUTICAL SERVICES INC
SMCI,"Super Micro Computer, Inc."
TW,Tradeweb Markets Inc.
LYB,LyondellBasell Industries N.V.
MTD,METTLER TOLEDO INTERNATIONAL INC/
TROW,PRICE T ROWE GROUP INC
ILMN,"ILLUMINA, INC."
FIS,"Fidelity National Information Services, Inc."
AKAM,AKAMAI TECHNOLOGIES INC
ENTG,ENTEGRIS INC
WIT,WIPRO LTD
VIV,TELEFONICA BRASIL S.A.
TEAM,Atlassian Corp
WWD,"Woodward, Inc."
MAIR,Madison Air Solutions Corp
AS,"Amer Sports, Inc."
SBAC,SBA COMMUNICATIONS CORP
IREN,IREN Ltd
ROIV,Roivant Sciences Ltd.
DGX,QUEST DIAGNOSTICS INC
STE,STERIS plc
OMC,OMNICOM GROUP INC.
VLTO,Veralto Corp
EXPD,EXPEDITORS INTERNATIONAL OF WASHINGTON INC
CHRW,"C. H. ROBINSON WORLDWIDE, INC."
DKS,"DICK'S SPORTING GOODS, INC."
LUV,SOUTHWEST AIRLINES CO
LSCC,LATTICE SEMICONDUCTOR CORP
SW,Smurfit Westrock plc
YPF,YPF SOCIEDAD ANONIMA
SOFI,"SoFi Technologies, Inc."
BURL,"Burlington Stores, Inc."
TTMI,TTM TECHNOLOGIES INC
CHTR,"CHARTER COMMUNICATIONS, INC. /MO/"
ULS,UL Solutions Inc.
DD,"DuPont de Nemours, Inc."
SBS,COMPANHIA DE SANEAMENTO BASICO DO ESTADO DE SAO PAULO-SABESP
GPN,GLOBAL PAYMENTS INC
NXT,Nextpower Inc.
EFX,EQUIFAX INC
SITM,SITIME Corp
TU,TELUS CORP
RBA,RB GLOBAL INC.
AA,Alcoa Corp
PKG,PACKAGING CORP OF AMERICA
INCY,INCYTE CORP
BRO,"BROWN & BROWN, INC."
EVRG,"Evergy, Inc."
IFF,INTERNATIONAL FLAVORS & FRAGRANCES INC
SNX,TD SYNNEX CORP
RIVN,"Rivian Automotive, Inc. / DE"
SNA,Snap-on Inc
RS,"RELIANCE, INC."
RGLD,ROYAL GOLD INC
LNT,ALLIANT ENERGY CORP
VTRS,Viatris Inc
CDE,"Coeur Mining, Inc."
ROKU,"ROKU, INC"
MRNA,"Moderna, Inc."
BWXT,"BWX Technologies, Inc."
RBC,RBC Bearings INC
FTV,Fortive Corp
APG,APi Group Corp
AMKR,"AMKOR TECHNOLOGY, INC."
DLTR,"DOLLAR TREE, INC."
WCC,WESCO INTERNATIONAL INC
IOT,Samsara Inc.
ITT,ITT INC.
WMG,Warner Music Group Corp.
USFD,US Foods Holding Corp.
TLN,Talen Energy Corp
MGA,MAGNA INTERNATIONAL INC
GIS,GENERAL MILLS INC
KSPI,Joint Stock Co Kaspi.kz
KEP,KOREA ELECTRIC POWER CORP
LII,LENNOX INTERNATIONAL INC
INVH,Invitation Homes Inc.
PL,Planet Labs PBC
WY,WEYERHAEUSER CO
RMBS,RAMBUS INC
CIB,Grupo Cibest S.A.
PR,Permian Resources Corp
H,Hyatt Hotels Corp
AGI,ALAMOS GOLD INC
NVMI,NOVA LTD.
PTC,PTC INC.
WPC,W. P. Carey Inc.
BEN,FRANKLIN RESOURCES INC
OKTA,"Okta, Inc."
SN,"SharkNinja, Inc."
TLK,PERUSAHAAN PERSEROAN PERSERO PT TELEKOMUNIKASI INDONESIA TBK
VNOM,"Viper Energy, Inc."
NVR,NVR INC
FLUT,Flutter Entertainment plc
TXT,TEXTRON INC
ARXS,"Arxis, Inc."
NDSN,NORDSON CORP
HST,"HOST HOTELS & RESORTS, INC."
LOGI,LOGITECH INTERNATIONAL S.A.
SUI,SUN COMMUNITIES INC
GH,"Guardant Health, Inc."
OVV,Ovintiv Inc.
NBIX,NEUROCRINE BIOSCIENCES INC
LAMR,LAMAR ADVERTISING CO/NEW
TSCO,TRACTOR SUPPLY CO /DE/
IEX,IDEX CORP /DE/
MOD,MODINE MANUFACTURING CO
DIDIY,DiDi Global Inc.
DECK,DECKERS OUTDOOR CORP
SMTC,SEMTECH CORP
MLI,MUELLER INDUSTRIES INC
LTM,LATAM AIRLINES GROUP S.A.
DTM,"DT Midstream, Inc."
LULU,lululemon athletica inc.
THC,TENET HEALTHCARE CORP
VICR,VICOR CORP
FPS,"Forgent Power Solutions, Inc."
CLH,CLEAN HARBORS INC
BALL,BALL Corp
JAZZ,Jazz Pharmaceuticals plc
ASND,Ascendis Pharma A/S
SKM,SK TELECOM CO LTD
PFGC,Performance Food Group Co
SGI,SOMNIGROUP INTERNATIONAL INC.
AAOI,"APPLIED OPTOELECTRONICS, INC."
ENLT,Enlight Renewable Energy Ltd.
PS,PERSHING SQUARE INC.
LGN,Legence Corp.
UDR,"UDR, Inc."
RBRK,"Rubrik, Inc."
GIB,CGI INC
BWA,BORGWARNER INC
RRX,REGAL REXNORD CORP
EG,"EVEREST GROUP, LTD."
SANM,SANMINA CORP
MAS,MASCO CORP /DE/
JBS,JBS N.V.
CDW,CDW Corp
CSL,CARLISLE COMPANIES INC
ARMK,Aramark
J,JACOBS SOLUTIONS INC.
AEIS,ADVANCED ENERGY INDUSTRIES INC
CHKP,CHECK POINT SOFTWARE TECHNOLOGIES LTD
ONTO,ONTO INNOVATION INC.
TRU,TransUnion
TOST,"Toast, Inc."
GPC,GENUINE PARTS CO
SOLS,Solstice Advanced Materials Inc.
ONON,On Holding AG
JLL,JONES LANG LASALLE INC
EVR,Evercore Inc.
BBIO,"BridgeBio Pharma, Inc."
CSGP,"COSTAR GROUP, INC."
PAYP,PayPay Corp
VIAV,VIAVI SOLUTIONS INC.
APA,APA Corp
BBY,BEST BUY CO INC
SOLV,Solventum Corp
SMMT,Summit Therapeutics Inc.
RPM,RPM INTERNATIONAL INC/DE/
TRMB,TRIMBLE INC.
APLD,Applied Digital Corp.
PEN,Penumbra Inc
TOL,"Toll Brothers, Inc."
GFL,GFL Environmental Inc.
WSE,Wise Group plc
SUN,Sunoco LP
CNH,CNH Industrial N.V.
HUT,Hut 8 Corp.
GGG,GRACO INC
DY,DYCOM INDUSTRIES INC
HII,"HUNTINGTON INGALLS INDUSTRIES, INC."
TYL,TYLER TECHNOLOGIES INC
IONS,IONIS PHARMACEUTICALS INC
EXEL,"EXELIXIS, INC."
SWKS,"SKYWORKS SOLUTIONS, INC."
DVA,DAVITA INC.
NTNX,"Nutanix, Inc."
WULF,TERAWULF INC.
HAS,"HASBRO, INC."
SAIA,SAIA INC
APTV,Aptiv PLC
TFII,TFI International Inc.
DINO,HF Sinclair Corp
IVZ,Invesco Ltd.
SWK,"STANLEY BLACK & DECKER, INC."
AVY,Avery Dennison Corp
DRS,"Leonardo DRS, Inc."
FIVE,"FIVE BELOW, INC"
COO,"COOPER COMPANIES, INC."
NYT,NEW YORK TIMES CO
LFUS,LITTELFUSE INC /DE
AXSM,"Axsome Therapeutics, Inc."
ZBRA,ZEBRA TECHNOLOGIES CORP
TXRH,"Texas Roadhouse, Inc."
OKLO,Oklo Inc.
MP,MP Materials Corp. / DE
DT,"Dynatrace, Inc."
PNR,PENTAIR plc
DKNG,DraftKings Inc.
GDDY,GoDaddy Inc.
ALGN,ALIGN TECHNOLOGY INC
U,Unity Software Inc.
CLX,CLOROX CO /DE/
GWRE,"Guidewire Software, Inc."
ERIE,ERIE INDEMNITY CO
XE,"X-Energy, Inc."
BLD,TopBuild Corp
FRVO,Fervo Energy Co
PSKY,Paramount Skydance Corp
FIG,"Figma, Inc."
GMED,GLOBUS MEDICAL INC
GLXY,Galaxy Digital Inc.
AIT,APPLIED INDUSTRIAL TECHNOLOGIES INC
HRL,HORMEL FOODS CORP /DE/
AAON,"AAON, INC."
ARW,"ARROW ELECTRONICS, INC."
RDY,DR REDDYS LABORATORIES LTD
ELAN,Elanco Animal Health Inc
WLK,WESTLAKE CORP
CGNX,COGNEX CORP
ALLE,Allegion plc
CACI,CACI INTERNATIONAL INC /DE/
AR,ANTERO RESOURCES Corp
GIL,Gildan Activewear Inc.
VSAT,VIASAT INC
ARWR,"ARROWHEAD PHARMACEUTICALS, INC."
SPXC,"SPX Technologies, Inc."
PAG,"PENSKE AUTOMOTIVE GROUP, INC."
BMNR,"BITMINE IMMERSION TECHNOLOGIES, INC."
SJM,J M SMUCKER Co
BXP,"BXP, Inc."
PINS,"PINTEREST, INC."
RVTY,"REVVITY, INC."
GSAT,"Globalstar, Inc."
TIMB,TIM S.A.
PODD,INSULET CORP
KTOS,"KRATOS DEFENSE & SECURITY SOLUTIONS, INC."
POWL,POWELL INDUSTRIES INC
FORM,FORMFACTOR INC
WMS,"ADVANCED DRAINAGE SYSTEMS, INC."
SCI,SERVICE CORP INTERNATIONAL
IT,GARTNER INC
HBM,Hudbay Minerals Inc.
WTRG,"Essential Utilities, Inc."
CR,Crane Co
ESI,Element Solutions Inc
LUMN,"Lumen Technologies, Inc."
AES,AES CORP
LINE,"Lineage, Inc."
EHC,Encompass Health Corp
TTD,"Trade Desk, Inc."
HLI,"HOULIHAN LOKEY, INC."
WTS,WATTS WATER TECHNOLOGIES INC
AM,Antero Midstream Corp
CYTK,CYTOKINETICS INC
SFD,SMITHFIELD FOODS INC
DPZ,DOMINOS PIZZA INC
QBTS,D-Wave Quantum Inc.
SUZ,Suzano S.A.
EMBJ,EMBRAER S.A.
VMI,VALMONT INDUSTRIES INC
BMRN,BIOMARIN PHARMACEUTICAL INC
WYNN,WYNN RESORTS LTD
HUBS,HUBSPOT INC
ENSG,"ENSIGN GROUP, INC"
BAX,BAXTER INTERNATIONAL INC
IAG,IAMGOLD CORP
OGE,OGE ENERGY CORP.
AG,FIRST MAJESTIC SILVER CORP
GTLS,CHART INDUSTRIES INC
EQX,Equinox Gold Corp.
BSY,BENTLEY SYSTEMS INC
RIOT,"Riot Platforms, Inc."
SIMO,Silicon Motion Technology CORP
MGM,MGM Resorts International
AAL,American Airlines Group Inc.
MUSA,Murphy USA Inc.
DCI,DONALDSON Co INC
PRAX,"Praxis Precision Medicines, Inc."
JKHY,JACK HENRY & ASSOCIATES INC
TX,Ternium S.A.
OC,Owens Corning
CWEN,"Clearway Energy, Inc."
R,RYDER SYSTEM INC
MICC,Magnum Ice Cream Co N.V.
CART,Maplebear Inc.
DOCU,"DOCUSIGN, INC."
ORI,OLD REPUBLIC INTERNATIONAL CORP
ALV,AUTOLIV INC
BAH,Booz Allen Hamilton Holding Corp
BRX,Brixmor Property Group Inc.
SNAP,Snap Inc
QRVO,"Qorvo, Inc."
ALGM,"ALLEGRO MICROSYSTEMS, INC."
W,Wayfair Inc.
UHS,UNIVERSAL HEALTH SERVICES INC
CNM,"Core & Main, Inc."
CIFR,Cipher Digital Inc.
AGX,ARGAN INC
RRC,RANGE RESOURCES CORP
DAR,DARLING INGREDIENTS INC.
FLY,Firefly Aerospace Inc.
FLS,FLOWSERVE CORP
MASI,MASIMO CORP
CAVA,"CAVA GROUP, INC."
ACM,AECOM
BROS,Dutch Bros Inc.
GGB,GERDAU S.A.
AVAV,AeroVironment Inc
MOH,"MOLINA HEALTHCARE, INC."
LKNCY,Luckin Coffee Inc.
CUBE,CubeSmart
SNEX,StoneX Group Inc.
CRUS,"CIRRUS LOGIC, INC."
YMM,Full Truck Alliance Co. Ltd.
SAIL,"SailPoint, Inc."
AYI,ACUITY INC. (DE)
SARO,"StandardAero, Inc."
TTC,TORO CO
KRYS,"Krystal Biotech, Inc."
BVN,BUENAVENTURA MINING CO INC
XP,XP Inc.
ENS,EnerSys
LEVI,LEVI STRAUSS & CO
TKR,TIMKEN CO
ICLR,ICON PLC
FROG,JFrog Ltd
MSGS,Madison Square Garden Sports Corp.
ENPH,"Enphase Energy, Inc."
STN,STANTEC INC
AXTI,AXT INC
ELPC,ENERGY CO OF PARANA
KT,KT CORP
CHWY,"Chewy, Inc."
PRMB,Primo Brands Corp
PRI,"Primerica, Inc."
MXL,"MAXLINEAR, INC"
GAP,GAP INC
ORA,"ORMAT TECHNOLOGIES, INC."
FRHC,Freedom Holding Corp.
EMN,EASTMAN CHEMICAL CO
ICL,ICL Group Ltd.
EGO,ELDORADO GOLD CORP /FI
FDS,FACTSET RESEARCH SYSTEMS INC
MBLY,Mobileye Global Inc.
HSIC,HENRY SCHEIN INC
ARE,"ALEXANDRIA REAL ESTATE EQUITIES, INC."
MTCH,"Match Group, Inc."
TEM,"Tempus AI, Inc."
YOU,"Clear Secure, Inc."
NUVL,"Nuvalent, Inc."
AGCO,AGCO CORP /DE
IBRX,"ImmunityBio, Inc."
MANH,MANHATTAN ASSOCIATES INC
ZWS,Zurn Elkay Water Solutions Corp
HESM,Hess Midstream LP
CMC,COMMERCIAL METALS Co
HALO,"HALOZYME THERAPEUTICS, INC."
FRO,Frontline plc
AOS,SMITH A O CORP
OSK,OSHKOSH CORP
SFM,"Sprouts Farmers Market, Inc."
CAMT,CAMTEK LTD
BLDR,"Builders FirstSource, Inc."
MWH,"SOLV Energy, Inc."
JHG,JANUS HENDERSON GROUP PLC
BIRK,Birkenstock Holding plc
IDA,IDACORP INC
ESE,ESCO TECHNOLOGIES INC
SOBO,South Bow Corp
WFRD,Weatherford International plc
SSD,"Simpson Manufacturing Co., Inc."
GGAL,GRUPO FINANCIERO GALICIA SA
CHRD,Chord Energy Corp
ACI,"Albertsons Companies, Inc."
KEX,KIRBY CORP
ECG,"Everus Construction Group, Inc."
UGI,UGI CORP /PA/
CAE,CAE INC
SM,SM Energy Co
NFG,NATIONAL FUEL GAS CO
NOV,NOV Inc.
NVTS,Navitas Semiconductor Corp
STAG,"STAG Industrial, Inc."
CRL,"CHARLES RIVER LABORATORIES INTERNATIONAL, INC."
TECH,BIO-TECHNE Corp
ATR,"APTARGROUP, INC."
KGS,"Kodiak Gas Services, Inc."
QGEN,QIAGEN N.V.
ST,Sensata Technologies Holding plc
HQY,"HEALTHEQUITY, INC."
PLXS,PLEXUS CORP
AVT,AVNET INC
NXE,NexGen Energy Ltd.
PCVX,"Vaxcyte, Inc."
RIG,Transocean Ltd.
MYRG,MYR GROUP INC.
SLAB,SILICON LABORATORIES INC.
TTEK,TETRA TECH INC
MOS,MOSAIC CO
LEA,LEAR CORP
PCOR,"PROCORE TECHNOLOGIES, INC."
BEPC,Brookfield Renewable Corp
FSS,FEDERAL SIGNAL CORP /DE/
SEI,"Solaris Energy Infrastructure, Inc."
JBTM,JBT MAREL Corp
PRIM,Primoris Services Corp
BBUC,Brookfield Business Corp
RAL,Ralliant Corp
IMVT,"Immunovant, Inc."
LKQ,LKQ CORP
OR,OR Royalties Inc.
OGC,OceanaGold Corp
LSTR,LANDSTAR SYSTEM INC
VSH,VISHAY INTERTECHNOLOGY INC
CLF,CLEVELAND-CLIFFS INC.
AWI,ARMSTRONG WORLD INDUSTRIES INC
MIDD,MIDDLEBY Corp
IDCC,"InterDigital, Inc."
TEX,TEREX CORP
URBN,URBAN OUTFITTERS INC
MORN,"Morningstar, Inc."
GKOS,GLAUKOS Corp
NPO,Enpro Inc.
PPC,PILGRIMS PRIDE CORP
DOX,AMDOCS LTD
MTDR,Matador Resources Co
POOL,POOL CORP
KYMR,"Kymera Therapeutics, Inc."
HXL,HEXCEL CORP /DE/
MAC,MACERICH CO
CENX,CENTURY ALUMINUM CO
UEC,URANIUM ENERGY CORP
STEP,StepStone Group Inc.
OSCR,"Oscar Health, Inc."
AROC,"Archrock, Inc."
TXNM,TXNM ENERGY INC
SGHC,Super Group (SGHC) Ltd
VFC,V F CORP
FLR,FLUOR CORP
TFPM,Triple Flag Precious Metals Corp.
INGR,Ingredion Inc
CELC,Celcuity Inc.
RGEN,REPLIGEN CORP
CORT,CORCEPT THERAPEUTICS INC
LAD,LITHIA MOTORS INC
GTES,Gates Industrial Corp plc
PTGX,"Protagonist Therapeutics, Inc"
AXTA,Axalta Coating Systems Ltd.
AN,"AUTONATION, INC."
KLAR,Klarna Group plc
SYRE,"Spyre Therapeutics, Inc."
EXP,EAGLE MATERIALS INC
GTX,Garrett Motion Inc.
S,"SentinelOne, Inc."
MHK,MOHAWK INDUSTRIES INC
AUGO,Aura Minerals Inc.
CAG,CONAGRA BRANDS INC.
FNB,FNB CORP/PA/
BTG,B2GOLD CORP
APGE,"Apogee Therapeutics, Inc."
ALKS,Alkermes plc.
DBX,"DROPBOX, INC."
MDA,MDA Space Ltd.
COMP,"Compass, Inc."
RYN,RAYONIER INC
INGM,Ingram Micro Holding Corp
PAYC,"Paycom Software, Inc."
USAR,"USA Rare Earth, Inc."
SRRK,Scholar Rock Holding Corp
CNTA,Centessa Pharmaceuticals plc
RYTM,"RHYTHM PHARMACEUTICALS, INC."
FSV,FirstService Corp
PACS,"PACS Group, Inc."
ACA,"Arcosa, Inc."
GATX,GATX CORP
ETSY,ETSY INC
TGTX,"TG THERAPEUTICS, INC."
MSM,MSC INDUSTRIAL DIRECT CO INC
DSGX,DESCARTES SYSTEMS GROUP INC
SNDR,"Schneider National, Inc."
RSI,"Rush Street Interactive, Inc."
VSNT,"Versant Media Group, Inc."
WH,"WYNDHAM HOTELS & RESORTS, INC."
BZ,Kanzhun Ltd
MIRM,"Mirum Pharmaceuticals, Inc."
PSN,PARSONS CORP
CPB,CAMPBELL'S Co
BYD,BOYD GAMING CORP
TTAN,"ServiceTitan, Inc."
EAT,"BRINKER INTERNATIONAL, INC"
TAL,TAL Education Group
MRCY,MERCURY SYSTEMS INC
ENIC,Enel Chile S.A.
CAR,"AVIS BUDGET GROUP, INC."
ACMR,"ACM Research, Inc."
OUT,OUTFRONT Media Inc.
PCTY,Paylocity Holding Corp
IBP,"Installed Building Products, Inc."
GVA,GRANITE CONSTRUCTION INC
CHE,CHEMED CORP
TFX,TELEFLEX INC
NJR,NEW JERSEY RESOURCES CORP
RRR,"Red Rock Resorts, Inc."
APPF,APPFOLIO INC
CROX,"Crocs, Inc."
PATH,"UiPath, Inc."
COGT,"Cogent Biosciences, Inc."
POR,PORTLAND GENERAL ELECTRIC CO /OR/
ESAB,ESAB Corp
CHDN,Churchill Downs Inc
CZR,"Caesars Entertainment, Inc."
KMX,CARMAX INC
NXST,"NEXSTAR MEDIA GROUP, INC."
PEGA,PEGASYSTEMS INC
CE,Celanese Corp
M,"Macy's, Inc."
BKH,BLACK HILLS CORP /SD/
SYNA,SYNAPTICS Inc
KLIC,KULICKE & SOFFA INDUSTRIES INC
OTEX,OPEN TEXT CORP
LB,LandBridge Co LLC
PECO,"Phillips Edison & Company, Inc."
BLTE,"BELITE BIO, INC"
BLCO,Bausch & Lomb Corp
ESTC,Elastic N.V.
MCY,MERCURY GENERAL CORP
PTCT,"PTC THERAPEUTICS, INC."
LUNR,"Intuitive Machines, Inc."
MATX,"Matson, Inc."
ALM,Almonty Industries Inc.
ESNT,Essent Group Ltd.
CWST,CASELLA WASTE SYSTEMS INC
AVAL,Grupo Aval Acciones Y Valores S.A.
AVTR,"Avantor, Inc."
HIMS,"Hims & Hers Health, Inc."
GXO,"GXO Logistics, Inc."
LEGN,Legend Biotech Corp
CGON,"CG Oncology, Inc."
TMHC,Taylor Morrison Home Corp
PIPR,PIPER SANDLER COMPANIES
CRC,California Resources Corp
EQPT,EquipmentShare.com Inc
LPL,"LG Display Co., Ltd."
DLB,"Dolby Laboratories, Inc."
MGY,Magnolia Oil & Gas Corp
QS,QuantumScape Corp
PLUG,PLUG POWER INC
LQDA,Liquidia Corp
XNDU,Xanadu Quantum Technologies Ltd
IRDM,Iridium Communications Inc.
ADT,ADT Inc.
G,Genpact LTD
GLNG,GOLAR LNG LTD
BLSH,Bullish
MUR,MURPHY OIL CORP
XENE,Xenon Pharmaceuticals Inc.
LBRT,Liberty Energy Inc.
EPAM,"EPAM Systems, Inc."
BCPC,BALCHEM CORP
BGC,"BGC Group, Inc."
CHH,CHOICE HOTELS INTERNATIONAL INC /DE
PSMT,PRICESMART INC
LYFT,"Lyft, Inc."
BIPC,Brookfield Infrastructure Corp
LPX,LOUISIANA-PACIFIC CORP
WEX,WEX Inc.
OGS,"ONE Gas, Inc."
PRM,"Perimeter Solutions, Inc."
GNTX,GENTEX CORP
IPGP,IPG PHOTONICS CORP
IEP,ICAHN ENTERPRISES L.P.
SITE,"SiteOne Landscape Supply, Inc."
JAN,"Janus Living, Inc."
ACLS,AXCELIS TECHNOLOGIES INC
MAAS,Maase Inc.
HLNE,Hamilton Lane INC
WFG,"WEST FRASER TIMBER CO., LTD"
GLBE,Global-E Online Ltd.
CRSP,CRISPR Therapeutics AG
DIOD,DIODES INC /DEL/
SXT,SENSIENT TECHNOLOGIES CORP
DUOL,"Duolingo, Inc."
TKC,TURKCELL ILETISIM HIZMETLERI A S
BB,BLACKBERRY Ltd
GBTG,"Global Business Travel Group, Inc."
HRB,H&R BLOCK INC
CNX,CNX Resources Corp
MC,Moelis & Co
HCC,"WARRIOR MET COAL, INC."
SON,SONOCO PRODUCTS CO
STVN,Stevanato Group S.p.A.
CIGI,Colliers International Group Inc.
ALK,"ALASKA AIR GROUP, INC."
XMTR,"Xometry, Inc."
ONDS,Ondas Inc.
PI,IMPINJ INC
NTSK,Netskope Inc
NAVN,"Navan, Inc."
LAZ,"Lazard, Inc."
RLI,RLI CORP
SPHR,Sphere Entertainment Co.
CSTM,CONSTELLIUM SE
UNF,UNIFIRST CORP
CMBT,CMB.TECH NV
DNTH,"Dianthus Therapeutics, Inc. /DE/"
RDN,RADIAN GROUP INC
SEB,SEABOARD CORP /DE/
LAUR,"LAUREATE EDUCATION, INC."
POWI,POWER INTEGRATIONS INC
MDU,MDU RESOURCES GROUP INC
MBRFY,MARFRIG GLOBAL FOODS S.A.
MEOH,METHANEX CORP
NNI,NELNET INC
MTRN,MATERION Corp
FCN,"FTI CONSULTING, INC"
SIM,"GRUPO SIMEC, S.A.B. de C.V."
UFPI,UFP INDUSTRIES INC
LASR,"NLIGHT, INC."
PTEN,PATTERSON UTI ENERGY INC
UUUU,ENERGY FUELS INC
REYN,Reynolds Consumer Products Inc.
CSW,"CSW INDUSTRIALS, INC."
MAUTF,Montage Gold Corp.
FBIN,"Fortune Brands Innovations, Inc."
SHC,Sotera Health Co
REZI,"RESIDEO TECHNOLOGIES, INC."
GTLB,Gitlab Inc.
MTN,VAIL RESORTS INC
INDV,"Indivior Pharmaceuticals, Inc."
CVLT,COMMVAULT SYSTEMS INC
AIR,AAR CORP
NWE,"NorthWestern Energy Group, Inc."
FELE,FRANKLIN ELECTRIC CO INC
VSCO,Victoria's Secret & Co.
CNR,"Core Natural Resources, Inc."
TGS,GAS TRANSPORTER OF THE SOUTH INC
LMND,"Lemonade, Inc."
ANDG,Andersen Group Inc.
BCO,BRINKS CO
MIR,"Mirion Technologies, Inc."
CAI,"Caris Life Sciences, Inc."
RDW,Redwire Corp
FTDR,"Frontdoor, Inc."
MAT,MATTEL INC /DE/
COCO,"Vita Coco Company, Inc."
SAIC,Science Applications International Corp
CBT,CABOT CORP
OLED,UNIVERSAL DISPLAY CORP \PA\
WHD,"Cactus, Inc."
PVH,PVH CORP. /DE/
ORLA,Orla Mining Ltd.
VVV,VALVOLINE INC
KVYO,"Klaviyo, Inc."
MTH,Meritage Homes CORP
YSS,York Space Systems Inc.
SEDG,"SOLAREDGE TECHNOLOGIES, INC."
ACIW,"ACI WORLDWIDE, INC."
RELY,"Remitly Global, Inc."
MANE,"Veradermics, Inc"
LION,Lionsgate Studios Corp.
AZZ,AZZ INC
RDNT,"RadNet, Inc."
KBR,"KBR, INC."
KNF,Knife River Corp
FHI,"FEDERATED HERMES, INC."
BDC,BELDEN INC.
SMR,NUSCALE POWER Corp
EMAT,Evolution Metals & Technologies Corp.
DOO,BRP Inc.
TREX,TREX CO INC
CVSA,Covista Inc.
PLNT,"Planet Fitness, Inc."
HAFN,Hafnia Ltd
BRC,BRADY CORP
TNL,Travel & Leisure Co.
CAAP,CORPORACION AMERICA AIRPORTS S.A.
VNT,Vontier Corp
LIVN,LivaNova PLC
AMBA,AMBARELLA INC
SKT,TANGER INC.
CRGY,Crescent Energy Co
RXO,"RXO, Inc."
TVTX,"Travere Therapeutics, Inc."
NGXXF,NGEx Minerals Ltd.
THO,THOR INDUSTRIES INC
BNL,"Broadstone Net Lease, Inc."
EE,"Excelerate Energy, Inc."
HNGE,"Hinge Health, Inc."
LOPE,"Grand Canyon Education, Inc."
INSW,"International Seaways, Inc."
FRMI,Fermi Inc.
ATMU,Atmus Filtration Technologies Inc.
AMRX,"Amneal Pharmaceuticals, Inc."
KNSA,"Kiniksa Pharmaceuticals International, plc"
CVCO,"CAVCO INDUSTRIES, INC."
TBBB,BBB FOODS INC
TWST,Twist Bioscience Corp
BETA,"BETA Technologies, Inc."
MWA,"Mueller Water Products, Inc."
HP,"Helmerich & Payne, Inc."
MMYT,MakeMyTrip Ltd
SKY,"Champion Homes, Inc."
STNG,Scorpio Tankers Inc.
HGV,Hilton Grand Vacations Inc.
GFF,GRIFFON CORP
MNDY,monday.com Ltd.
ENVA,"Enova International, Inc."
KTB,"Kontoor Brands, Inc."
TPC,TUTOR PERINI CORP
FLNC,"Fluence Energy, Inc."
GPI,GROUP 1 AUTOMOTIVE INC
BLLN,"BillionToOne, Inc."
PII,Polaris Inc.
VEON,VEON Ltd.
MRX,Marex Group plc
OII,OCEANEERING INTERNATIONAL INC
KAI,KADANT INC
CRK,COMSTOCK RESOURCES INC
CRNX,"Crinetics Pharmaceuticals, Inc."
MMSI,MERIT MEDICAL SYSTEMS INC
SRAD,Sportradar Group AG
CPRX,"CATALYST PHARMACEUTICALS, INC."
WING,Wingstop Inc.
RNST,RENASANT CORP
VECO,VEECO INSTRUMENTS INC
DAN,DANA Inc
LRN,"Stride, Inc."
OPLN,"OPENLANE, Inc."
WAY,Waystar Holding Corp.
PTRN,Pattern Group Inc.
ITRI,"ITRON, INC."
BMI,BADGER METER INC
HIMX,"Himax Technologies, Inc."
OTTR,Otter Tail Corp
SKE,Skeena Resources Ltd
SEZL,Sezzle Inc.
JOE,ST JOE Co
CNS,"COHEN & STEERS, INC."
ZGN,Ermenegildo Zegna N.V.
GPGI,"GPGI, Inc."
BTDR,Bitdeer Technologies Group
VRNS,VARONIS SYSTEMS INC
OSIS,OSI SYSTEMS INC
NG,NOVAGOLD RESOURCES INC
ARIS,Aris Mining Corp
ACAD,ACADIA PHARMACEUTICALS INC
EWTX,"Edgewise Therapeutics, Inc."
NMRK,"NEWMARK GROUP, INC."
LEU,CENTRUS ENERGY CORP
QLYS,"QUALYS, INC."
CALM,CAL-MAINE FOODS INC
DORM,"Dorman Products, Inc."
BBWI,"Bath & Body Works, Inc."
VKTX,"Viking Therapeutics, Inc."
DOCS,"Doximity, Inc."
ERAS,"Erasca, Inc."
RNG,"RingCentral, Inc."
ORKA,"Oruka Therapeutics, Inc."
ABG,ASBURY AUTOMOTIVE GROUP INC
HGTY,"Hagerty, Inc."
SUNC,SunocoCorp LLC
BTE,BAYTEX ENERGY CORP.
TCGL,TechCreate Group Ltd.
KFY,KORN FERRY
EXTR,EXTREME NETWORKS INC
VCYT,"VERACYTE, INC."
OGN,Organon & Co.
AB,ALLIANCEBERNSTEIN HOLDING L.P.
ASO,"Academy Sports & Outdoors, Inc."
RUN,Sunrun Inc.
AAUC,Allied Gold Corp
DLO,dLocal Ltd
AEHR,AEHR TEST SYSTEMS
CGAU,Centerra Gold Inc.
AVA,AVISTA CORP
SKYW,SKYWEST INC
BFAM,BRIGHT HORIZONS FAMILY SOLUTIONS INC.
SMG,SCOTTS MIRACLE-GRO CO
MHO,"M/I HOMES, INC."
SA,SEABRIDGE GOLD INC
ICUI,ICU MEDICAL INC/DE
COLM,COLUMBIA SPORTSWEAR CO
AGO,ASSURED GUARANTY LTD
ANF,ABERCROMBIE & FITCH CO /DE/
AAP,ADVANCE AUTO PARTS INC
ATS,ATS Corp /ATS
OPCH,"Option Care Health, Inc."
ALHC,"Alignment Healthcare, Inc."
MSGE,Madison Square Garden Entertainment Corp.
FIZZ,NATIONAL BEVERAGE CORP
FHB,"FIRST HAWAIIAN, INC."
SIG,SIGNET JEWELERS LTD
NATL,NCR Atleos Corp
PPTA,PERPETUA RESOURCES CORP.
CC,Chemours Co
EFXT,Enerflex Ltd.
FUL,FULLER H B CO
SII,SPROTT INC.
CSAN,Cosan S.A.
BWLP,BW LPG Ltd
KN,Knowles Corp
HWKN,HAWKINS INC
SXI,STANDEX INTERNATIONAL CORP/DE/
AVNT,AVIENT CORP
CLBT,Cellebrite DI Ltd.
JOYY,JOYY Inc.
BKD,Brookdale Senior Living Inc.
CECO,CECO ENVIRONMENTAL CORP
CAKE,CHEESECAKE FACTORY INC
ELF,"e.l.f. Beauty, Inc."
PLAB,PHOTRONICS INC
MMS,"MAXIMUS, INC."
CVI,CVR ENERGY INC
VTMX,"Vesta Real Estate Corporation, S.A.B. de C.V."
BHE,BENCHMARK ELECTRONICS INC
IAC,IAC Inc.
BTU,PEABODY ENERGY CORP
TRMD,TORM plc
CHEF,"Chefs' Warehouse, Inc."
MMED,"MiniMed Group, Inc."
USLM,UNITED STATES LIME & MINERALS INC
TDC,TERADATA CORP /DE/
SBLK,Star Bulk Carriers Corp.
SFNC,SIMMONS FIRST NATIONAL CORP
MZTI,MARZETTI CO
INOD,INNODATA INC
ETOR,eToro Group Ltd.
WRBY,Warby Parker Inc.
TXG,"10x Genomics, Inc."
SHOO,"STEVEN MADDEN, LTD."
VC,VISTEON CORP
ADEA,Adeia Inc.
KEEL,Keel Infrastructure Corp.
PRK,PARK NATIONAL CORP /OH/
GPOR,GULFPORT ENERGY CORP
HYPMY,Hypermarcas S.A.
KBH,KB HOME
DNLI,Denali Therapeutics Inc.
BEAM,Beam Therapeutics Inc.
CPK,CHESAPEAKE UTILITIES CORP
GPK,GRAPHIC PACKAGING HOLDING CO
ZIM,ZIM Integrated Shipping Services Ltd.
HAE,HAEMONETICS CORP
RLAY,"Relay Therapeutics, Inc."
UNFI,UNITED NATURAL FOODS INC
PATK,PATRICK INDUSTRIES INC
RCUS,"Arcus Biosciences, Inc."
KALU,KAISER ALUMINUM CORP
GEO,GEO GROUP INC
NSIT,INSIGHT ENTERPRISES INC
DNN,DENISON MINES CORP.
HAWK,"HawkEye 360, Inc."
NTCT,NETSCOUT SYSTEMS INC
DYN,"Dyne Therapeutics, Inc."
ERO,Ero Copper Corp.
AWR,AMERICAN STATES WATER CO
CWK,Cushman & Wakefield Ltd.
BKV,BKV Corp
OLN,OLIN Corp
EOSE,"Eos Energy Enterprises, Inc."
TSAT,Telesat Corp
IPAR,INTERPARFUMS INC
FSM,FORTUNA MINING CORP.
NHC,NATIONAL HEALTHCARE CORP
CLMT,"Calumet, Inc. /DE"
BGSI,Boyd Group Services Inc.
GRAL,"GRAIL, Inc."
WT,"WisdomTree, Inc."
ATKR,Atkore Inc.
VGNT,Versigent PLC
BSM,"Black Stone Minerals, L.P."
TTAM,Titan America SA
TNGX,"Tango Therapeutics, Inc."
LFST,"LifeStance Health Group, Inc."
PENG,"Penguin Solutions, Inc."
ARCB,ARCBEST CORP /DE/
MGEE,MGE ENERGY INC
VISN,"Vistance Networks, Inc."
BRZE,"Braze, Inc."
AEO,AMERICAN EAGLE OUTFITTERS INC
PHIN,PHINIA INC.
ALMS,ALUMIS INC.
EXK,ENDEAVOUR SILVER CORP
VNET,"VNET Group, Inc."
IHS,IHS Holding Ltd
KMT,KENNAMETAL INC
GPCR,Structure Therapeutics Inc.
PRVA,"Privia Health Group, Inc."
INTR,"Inter & Co, Inc."
KLRA,"Kailera Therapeutics, Inc."
CALY,Callaway Golf Co
EXPO,EXPONENT INC
SUPN,"SUPERNUS PHARMACEUTICALS, INC."
WK,WORKIVA INC
RHI,ROBERT HALF INC.
WOR,"WORTHINGTON ENTERPRISES, INC."
SVM,SILVERCORP METALS INC
WDFC,WD 40 CO
FSLY,"Fastly, Inc."
VOYG,"Voyager Technologies, Inc./DE"
DBD,"DIEBOLD NIXDORF, Inc"
STNE,StoneCo Ltd.
MGRC,MCGRATH RENTCORP
VAC,MARRIOTT VACATIONS WORLDWIDE Corp
UNIT,Uniti Group Inc.
WTTR,"Select Water Solutions, Inc."
OUST,"Ouster, Inc."
SPNT,SiriusPoint Ltd
HLIO,"HELIOS TECHNOLOGIES, INC."
LCII,LCI INDUSTRIES
AAMI,Acadian Asset Management Inc.
PLBL,Polibeli Group Ltd
AYA,Aya Gold & Silver Inc.
ASH,ASHLAND INC.
CDLR,Cadeler A/S
SHAK,Shake Shack Inc.
NYAX,Nayax Ltd.
ARQT,"Arcutis Biotherapeutics, Inc."
QUBT,Quantum Computing Inc.
BRAI,Braiin Ltd
TARS,"Tarsus Pharmaceuticals, Inc."
FA,FIRST ADVANTAGE CORP
RH,RH
TNK,TEEKAY TANKERS LTD.
HUBG,"Hub Group, Inc."
NESR,National Energy Services Reunited Corp.
CWT,CALIFORNIA WATER SERVICE GROUP
IRON,"Disc Medicine, Inc."
ELVN,"Enliven Therapeutics, Inc."
DGII,DIGI INTERNATIONAL INC
HUN,Huntsman CORP
TGB,TASEKO MINES LTD
PAGS,PagSeguro Digital Ltd.
IDYA,"IDEAYA Biosciences, Inc."
WU,Western Union CO
CALX,"CALIX, INC"
ROG,ROGERS CORP
EEFT,"EURONET WORLDWIDE, INC."
TRN,TRINITY INDUSTRIES INC
AMSC,AMERICAN SUPERCONDUCTOR CORP /DE/
KWR,QUAKER CHEMICAL CORP
BKE,BUCKLE INC
CMPR,CIMPRESS plc
FRPT,"Freshpet, Inc."
CARG,"CarGurus, Inc."
FRSH,Freshworks Inc.
PTON,"PELOTON INTERACTIVE, INC."
DFTX,"Definium Therapeutics, Inc."
SAH,SONIC AUTOMOTIVE INC
IMNM,Immunome Inc.
RLX,RLX Technology Inc.
MLYS,"Mineralys Therapeutics, Inc."
TALO,TALOS ENERGY INC.
VERA,"Vera Therapeutics, Inc."
NIQ,NIQ Global Intelligence plc
HTFL,"Heartflow, Inc."
HOG,"HARLEY-DAVIDSON, INC."
GRDN,"Guardian Pharmacy Services, Inc."
WERN,WERNER ENTERPRISES INC
ANDE,"Andersons, Inc."
TMDX,"TransMedics Group, Inc."
AERO,"Grupo Aeromexico, S.A.B. de C.V."
AMR,"Alpha Metallurgical Resources, Inc."
MTX,MINERALS TECHNOLOGIES INC
PK,Park Hotels & Resorts Inc.
DNOW,DNOW Inc.
HTO,H2O AMERICA
CLDX,"Celldex Therapeutics, Inc."
AESI,Atlas Energy Solutions Inc.
BCC,BOISE CASCADE Co
NGVT,Ingevity Corp
VVX,"V2X, Inc."
NOG,"NORTHERN OIL & GAS, INC."
DAC,Danaos Corp
ALGT,Allegiant Travel CO
HE,HAWAIIAN ELECTRIC INDUSTRIES INC
CXT,"Crane NXT, Co."
ABM,ABM INDUSTRIES INC /DE/
COHU,COHU INC
LCID,"Lucid Group, Inc."
MH,"McGraw Hill, Inc."
DEI,Douglas Emmett Inc
WIX,Wix.com Ltd.
MNR,MACH NATURAL RESOURCES LP
POET,POET TECHNOLOGIES INC.
PLUS,EPLUS INC
DXPE,DXP ENTERPRISES INC
AEGXF,Aecon Group Inc.
PENN,"PENN Entertainment, Inc."
RARE,Ultragenyx Pharmaceutical Inc.
GRND,Grindr Inc.
PBH,Prestige Consumer Healthcare Inc.
DRH,DiamondRock Hospitality Co
HNI,HNI CORP
DCO,DUCOMMUN INC /DE/
LMAT,LEMAITRE VASCULAR INC
KOD,Kodiak Sciences Inc.
ADPT,Adaptive Biotechnologies Corp
IMAX,IMAX CORP
CTOS,"Custom Truck One Source, Inc."
NEXT,NextDecade Corp
NKTR,NEKTAR THERAPEUTICS
BANR,BANNER CORP
AGYS,AGILYSYS INC
CYD,CHINA YUCHAI INTERNATIONAL LTD
UTI,UNIVERSAL TECHNICAL INSTITUTE INC
CCU,UNITED BREWERIES CO INC
AVPT,"AvePoint, Inc."
AXGN,"Axogen, Inc."
BLBD,Blue Bird Corp
CEPU,CENTRAL PUERTO S.A.
CHRN,ChronoScale Corp
ACHC,"Acadia Healthcare Company, Inc."
BCRX,BIOCRYST PHARMACEUTICALS INC
MLCO,Melco Resorts & Entertainment LTD
FIGS,"FIGS, Inc."
FORTY,FORMULA SYSTEMS (1985) LTD
ATEN,"A10 Networks, Inc."
EZPW,EZCORP INC
PRDO,PERDOCEO EDUCATION Corp
SOC,Sable Offshore Corp.
NVCR,NovoCure Ltd
VERX,"Vertex, Inc."
NWN,Northwest Natural Holding Co
WS,"Worthington Steel, Inc."
ECO,Okeanis Eco Tankers Corp.
CXW,"CoreCivic, Inc."
MCRI,MONARCH CASINO & RESORT INC
PHVS,Pharvaris N.V.
ZLAB,Zai Lab Ltd
STC,STEWART INFORMATION SERVICES CORP
PUMP,ProPetro Holding Corp.
INVX,"Innovex International, Inc."
IE,Ivanhoe Electric Inc.
FUN,Six Flags Entertainment Corporation/NEW
PDFS,PDF SOLUTIONS INC
TRVI,"Trevi Therapeutics, Inc."
BRSL,Brightstar Lottery PLC
IOSP,INNOSPEC INC.
BHC,Bausch Health Companies Inc.
OMCL,"OMNICELL, INC."
XRAY,DENTSPLY SIRONA Inc.
GRC,GORMAN RUPP CO
TYRA,"Tyra Biosciences, Inc."
NEOG,NEOGEN CORP
VRRM,VERRA MOBILITY Corp
FLYW,Flywire Corp
BAND,Bandwidth Inc.
SPSC,SPS COMMERCE INC
PGNY,"Progyny, Inc."
JBLU,JETBLUE AIRWAYS CORP
AUPH,Aurinia Pharmaceuticals Inc.
TNET,"TRINET GROUP, INC."
VRE,"Veris Residential, Inc."
SION,"Sionna Therapeutics, Inc."
SONO,Sonos Inc
STOK,"Stoke Therapeutics, Inc."
LPG,DORIAN LPG LTD.
ABTC,American Bitcoin Corp.
IMOS,CHIPMOS TECHNOLOGIES INC
USAS,Americas Gold & Silver Corp
HMN,HORACE MANN EDUCATORS CORP /DE/
ASTH,"Astrana Health, Inc."
NEXA,Nexa Resources S.A.
MGNI,"MAGNITE, INC."
ATHM,Autohome Inc.
RAPP,"Rapport Therapeutics, Inc."
ADMA,"ADMA BIOLOGICS, INC."
SXGCF,Southern Cross Gold Consolidated Ltd.
SAM,BOSTON BEER CO INC
GUYGF,G2 Goldfields Inc.
COPR,Idaho Copper Corp
AAPG,ASCENTAGE PHARMA GROUP INTERNATIONAL
VRDN,"Viridian Therapeutics, Inc.DE"
AMRC,"Ameresco, Inc."
GEL,GENESIS ENERGY LP
ZYME,Zymeworks Inc.
BAK,BRASKEM SA
TGLS,Tecnoglass Inc.
ANIP,ANI PHARMACEUTICALS INC
ALG,ALAMO GROUP INC
CTS,CTS CORP
EVCM,EverCommerce Inc.
LWLG,"Lightwave Logic, Inc."
PLPC,PREFORMED LINE PRODUCTS CO
BVENY,Brava Energia S.A.
SKYT,"SkyWater Technology, Inc"
TH,Target Hospitality Corp.
EPAC,ENERPAC TOOL GROUP CORP
LIFE,Ethos Technologies Inc.
HLIT,HARMONIC INC.
IOVA,"IOVANCE BIOTHERAPEUTICS, INC."
SHLS,"Shoals Technologies Group, Inc."
OCUL,"OCULAR THERAPEUTIX, INC"
VET,VERMILION ENERGY INC.
AIN,ALBANY INTERNATIONAL CORP /DE/
BLDP,Ballard Power Systems Inc.
DXYZ,Destiny Tech100 Inc.
AGRO,Adecoagro S.A.
ALKT,"ALKAMI TECHNOLOGY, INC."
PLSE,"PULSE BIOSCIENCES, INC."
NRIX,"Nurix Therapeutics, Inc."
AMBQ,"Ambiq Micro, Inc."
SRCE,1ST SOURCE CORP
VCEL,Vericel Corp
SID,NATIONAL STEEL CO
SNDA,"SONIDA SENIOR LIVING, INC."
ADNT,Adient plc
COTY,COTY INC.
UFPT,UFP TECHNOLOGIES INC
MD,"Pediatrix Medical Group, Inc."
STRA,"Strategic Education, Inc."
CHCO,CITY HOLDING CO
SNDX,Syndax Pharmaceuticals Inc
AEVA,"Aeva Technologies, Inc."
PRKS,United Parks & Resorts Inc.
NTLA,"Intellia Therapeutics, Inc."
SRPT,"Sarepta Therapeutics, Inc."
PRLB,Proto Labs Inc
LAC,LITHIUM AMERICAS CORP.
ADUS,Addus HomeCare Corp
RUPRF,RUPERT RESOURCES LTD
FIVN,"Five9, Inc."
AIP,"Arteris, Inc."
GT,GOODYEAR TIRE & RUBBER CO /OH/
TPB,"Turning Point Brands, Inc."
NVAX,NOVAVAX INC
WD,"Walker & Dunlop, Inc."
FLNG,Flex LNG Ltd.
GENB,"Generate Biomedicines, Inc."
SGML,Sigma Lithium Corp
TILE,INTERFACE INC
CAPR,"CAPRICOR THERAPEUTICS, INC."
BL,"BLACKLINE, INC."
XHR,"Xenia Hotels & Resorts, Inc."
AGIO,"AGIOS PHARMACEUTICALS, INC."
PVLA,"PALVELLA THERAPEUTICS, INC."
ABXXF,Abaxx Technologies Inc.
HURN,Huron Consulting Group Inc.
KOS,Kosmos Energy Ltd.
CNXN,PC CONNECTION INC
CBZ,"CBIZ, Inc."
INVA,"Innoviva, Inc."
ANAB,"ANAPTYSBIO, INC"
CMPS,COMPASS Pathways plc
STAA,STAAR SURGICAL CO
GLOB,Globant S.A.
SLSR,Solaris Resources Inc.
APC,ARKO Petroleum Corp.
PAYO,Payoneer Global Inc.
NCNO,"nCino, Inc."
BORR,Borr Drilling Ltd
FLO,FLOWERS FOODS INC
ZD,"ZIFF DAVIS, INC."
VPG,"Vishay Precision Group, Inc."
NVRI,ENVIRI Corp
STGW,Stagwell Inc
WBTN,WEBTOON Entertainment Inc.
ABCL,AbCellera Biologics Inc.
NUVB,Nuvation Bio Inc.
MQ,"Marqeta, Inc."
FMC,FMC CORP
GLUE,"Monte Rosa Therapeutics, Inc."
CLVT,CLARIVATE PLC
GTBIF,Green Thumb Industries Inc.
TSHA,"Taysha Gene Therapies, Inc."
SFL,SFL Corp Ltd.
TCNNF,Trulieve Cannabis Corp.
DMRA,"Damora Therapeutics, Inc."
BVC,BitVentures Ltd
REX,REX AMERICAN RESOURCES Corp
LAR,Lithium Argentina AG
ENVX,Enovix Corp
GHRS,GH Research PLC
APPN,APPIAN CORP
OPRA,Opera Ltd
QURE,uniQure N.V.
RMIX,"Suncrete, Inc."
VIR,"Vir Biotechnology, Inc."
ATAI,AtaiBeckley Inc.
BOBS,"Bob's Discount Furniture, Inc."
RES,RPC INC
RXRX,"RECURSION PHARMACEUTICALS, INC."
INBX,"Inhibrx Biosciences, Inc."
PRCT,PROCEPT BioRobotics Corp
VSTS,Vestis Corp
FDP,FRESH DEL MONTE PRODUCE INC
LINC,LINCOLN EDUCATIONAL SERVICES CORP
CNXC,Concentrix Corp
ASAN,"Asana, Inc."
DCH,Dauch Corp
ECVT,Ecovyst Inc.
LZB,LA-Z-BOY INC
ARDX,"ARDELYX, INC."
NWL,NEWELL BRANDS INC.
IMTX,Immatics N.V.
INTA,"Intapp, Inc."
COUR,"Coursera, Inc."
CCS,"Century Communities, Inc."
AMLX,"Amylyx Pharmaceuticals, Inc."
NNE,Nano Nuclear Energy Inc.
CNL,Collective Mining Ltd.
PGEN,"PRECIGEN, INC."
SLVM,Sylvamo Corp
MBX,"MBX Biosciences, Inc."
SLS,"SELLAS Life Sciences Group, Inc."
DXC,DXC Technology Co
WKC,WORLD KINECT CORP
BHVN,Biohaven Ltd.
PRGO,PERRIGO Co plc
GBX,GREENBRIER COMPANIES INC
KSS,KOHLS Corp
HLX,HELIX ENERGY SOLUTIONS GROUP INC
KARO,Karooooo Ltd.
EVTC,"EVERTEC, Inc."
AVEX,AEVEX Corp.
TRS,TRIMAS CORP
TNC,TENNANT CO
ATRC,"AtriCure, Inc."
WBI,WaterBridge Infrastructure LLC
ARLO,"Arlo Technologies, Inc."
HLMN,Hillman Solutions Corp.
MAZE,"Maze Therapeutics, Inc."
TTI,TETRA TECHNOLOGIES INC
NNNN,Anbio Biotechnology
AOSL,ALPHA & OMEGA SEMICONDUCTOR Ltd
PICS,PicS N.V.
YSWY,"Yesway, Inc."
BCAX,Bicara Therapeutics Inc.
URGN,UroGen Pharma Ltd.
NOMD,Nomad Foods Ltd
KALV,"KalVista Pharmaceuticals, Inc."
AGL,"agilon health, inc."
GENI,Genius Sports Ltd
RYZ,Ryerson Holding Corp
CRI,CARTERS INC
AHCO,AdaptHealth Corp.
WLDN,"Willdan Group, Inc."
WWW,WOLVERINE WORLD WIDE INC /DE/
LEG,LEGGETT & PLATT INC
WEN,Wendy's Co
ENOV,Enovis CORP
GCT,GigaCloud Technology Inc
JJSF,J&J SNACK FOODS CORP
MRTN,MARTEN TRANSPORT LTD
HCSG,HEALTHCARE SERVICES GROUP INC
OI,"O-I Glass, Inc. /DE/"
AI,"C3.ai, Inc."
RVLV,"Revolve Group, Inc."
AHG,Akso Health Group
LU,Lufax Holding Ltd
SEPN,"Septerna, Inc."
DOLE,Dole plc
PAHC,PHIBRO ANIMAL HEALTH CORP
DFH,"Dream Finders Homes, Inc."
DAO,"Youdao, Inc."
BLKB,BLACKBAUD INC
UVV,UNIVERSAL CORP /VA/
NPKI,NPK International Inc.
GILT,GILAT SATELLITE NETWORKS LTD
LOMA,Loma Negra Compania Industrial Argentina Sociedad Anonima
MLTX,MoonLake Immunotherapeutics
FOR,Forestar Group Inc.
WINA,WINMARK CORP
VMET,Versamet Royalties Corp
GIII,G III APPAREL GROUP LTD /DE/
MPLT,"MapLight Therapeutics, Inc."
AIIR,AIR Global PLC
ALMR,"Alamar Biosciences, Inc."
MAN,ManpowerGroup Inc.
ARDT,"Ardent Health, Inc."
CMP,COMPASS MINERALS INTERNATIONAL INC
NSSC,"NAPCO SECURITY TECHNOLOGIES, INC"
CXM,"Sprinklr, Inc."
IPX,IPERIONX Ltd
MUX,McEwen Inc.
ARRY,"Array Technologies, Inc."
IDT,IDT CORP
ACDC,ProFrac Holding Corp.
UAMY,UNITED STATES ANTIMONY CORP
VZLA,Vizsla Silver Corp.
AVBP,"ArriVent BioPharma, Inc."
CPPKF,Faraday Copper Corp.
CSIQ,Canadian Solar Inc.
PLTK,Playtika Holding Corp.
VTOL,Bristow Group Inc.
ALX,ALEXANDERS INC
LUCK,Lucky Strike Entertainment Corp
SVV,"Savers Value Village, Inc."
TUYA,Tuya Inc.
KMTS,"KESTRA MEDICAL TECHNOLOGIES, LTD."
HROW,"HARROW, INC."
XPEL,"XPEL, Inc."
PRA,PROASSURANCE CORP
YELP,YELP INC
RDWR,RADWARE LTD
HLF,HERBALIFE LTD.
GOLD,"Gold.com, Inc."
AFYA,Afya Ltd
DSGR,"Distribution Solutions Group, Inc."
RIOFF,Rio2 Ltd
PRGS,PROGRESS SOFTWARE CORP /MA
RXT,"Rackspace Technology, Inc."
ICFI,"ICF International, Inc."
VIA,"Via Transportation, Inc."
WVE,Wave Life Sciences Ltd.
XZO,"Exzeo Group, Inc."
ALNT,ALLIENT INC
NAK,NORTHERN DYNASTY MINERALS LTD
SBET,"Sharplink, Inc."
ITRN,Ituran Location & Control Ltd.
LSPD,Lightspeed Commerce Inc.
WYFI,"WhiteFiber, Inc."
PRSU,"Pursuit Attractions & Hospitality, Inc."
UFCS,UNITED FIRE GROUP INC
JKS,"JinkoSolar Holding Co., Ltd."
INSP,"Inspire Medical Systems, Inc."
CSR,CENTERSPACE
NSP,"INSPERITY, INC."
SCL,STEPAN CO
DQ,DAQO NEW ENERGY CORP.
NEO,NEOGENOMICS INC
ATEX,Anterix Inc.
ASM,AVINO SILVER & GOLD MINES LTD
PDS,PRECISION DRILLING Corp
SIFY,SIFY TECHNOLOGIES LTD
BFLY,"Butterfly Network, Inc."
TDOC,"Teladoc Health, Inc."
IRMD,IRADIMED CORP
AVLN,Avalyn Pharma Inc.
OLMA,"Olema Pharmaceuticals, Inc."
ZBIO,"Zenas BioPharma, Inc."
PNTG,"Pennant Group, Inc."
EDN,EDENOR
TRIP,"TripAdvisor, Inc."
HSLV,Highlander Silver Corp.
BLFS,BIOLIFE SOLUTIONS INC
CEVA,CEVA INC
ASTE,ASTEC INDUSTRIES INC
LNN,LINDSAY CORP
AVNS,"AVANOS MEDICAL, INC."
MGRT,Mega Fortune Co Ltd
AGBK,AGI Inc
GIC,GLOBAL INDUSTRIAL Co
REAL,"TheRealReal, Inc."
ELE,Elemental Royalty Corp
AKTS,"Aktis Oncology, Inc."
TDAY,"USA TODAY Co., Inc."
HTLD,HEARTLAND EXPRESS INC
NWPX,"NWPX Infrastructure, Inc."
NAT,NORDIC AMERICAN TANKERS Ltd
AORT,"ARTIVION, INC."
PRCH,"Porch Group, Inc."
XIFR,"XPLR Infrastructure, LP"
EYPT,"EyePoint, Inc."
ROCK,"GIBRALTAR INDUSTRIES, INC."
ODC,Oil-Dri Corp of America
GPRE,Green Plains Inc.
GHM,GRAHAM CORP
CDNA,"CareDx, Inc."
SG,"Sweetgreen, Inc."
LZ,"LEGALZOOM.COM, INC."
COLL,"COLLEGIUM PHARMACEUTICAL, INC"
DEC,Diversified Energy Co
MNKD,MANNKIND CORP
DLX,DELUXE CORP
CNMD,CONMED Corp
LGIH,"LGI Homes, Inc."
MLKN,"MILLERKNOLL, INC."
CRVS,"Corvus Pharmaceuticals, Inc."
PZZA,PAPA JOHNS INTERNATIONAL INC
JBIO,"Jade Biosciences, Inc."
INDI,"indie Semiconductor, Inc."
IQ,"iQIYI, Inc."
UPWK,"UPWORK, INC"
MBC,"MasterBrand, Inc."
AMN,AMN HEALTHCARE SERVICES INC
MMI,"Marcus & Millichap, Inc."
UPBD,"UPBOUND GROUP, INC."
SMPL,Simply Good Foods Co
SVRA,Savara Inc
SAFE,Safehold Inc.
RERE,ATRenew Inc.
PLOW,"DOUGLAS DYNAMICS, INC"
ACVA,ACV Auctions Inc.
HIVE,HIVE Digital Technologies Ltd.
THRM,Gentherm Inc
TRON,Tron Inc.
GTM,ZoomInfo Technologies Inc.
GNK,GENCO SHIPPING & TRADING LTD
KOPN,KOPIN CORP
CRON,Cronos Group Inc.
LPTH,LIGHTPATH TECHNOLOGIES INC
HMH,HMH Holding Inc
DAKT,DAKTRONICS INC /SD/
BRBR,"BELLRING BRANDS, INC."
NMAX,Newsmax Inc.
NLST,NETLIST INC
GSBD,"Goldman Sachs BDC, Inc."
INNV,InnovAge Holding Corp.
TNDM,TANDEM DIABETES CARE INC
PSIX,"POWER SOLUTIONS INTERNATIONAL, INC."
SBGI,"Sinclair, Inc."
HEPS,D-MARKET Electronic Services & Trading
EEX,"Emerald Holding, Inc."
SDGR,"Schrodinger, Inc."
KBDC,"Kayne Anderson BDC, Inc."
AEBI,Aebi Schmidt Holding AG
CVLG,"COVENANT LOGISTICS GROUP, INC."
OPK,"OPKO HEALTH, INC."
APEI,AMERICAN PUBLIC EDUCATION INC
NPK,NATIONAL PRESTO INDUSTRIES INC
ACEL,"Accel Entertainment, Inc."
PHAR,Pharming Group N.V.
LXU,"LSB INDUSTRIES, INC."
KODK,EASTMAN KODAK CO
PCRX,"Pacira BioSciences, Inc."
OMDA,"Omada Health, Inc."
SPTX,"Seaport Therapeutics, Inc."
TRUP,"TRUPANION, INC."
USPH,U S PHYSICAL THERAPY INC /NV
CGEM,"Cullinan Therapeutics, Inc."
CRAI,"CRA INTERNATIONAL, INC."
YALA,Yalla Group Ltd
BJRI,BJs RESTAURANTS INC
AZTA,"Azenta, Inc."
LUXE,LuxExperience B.V.
PSNL,"Personalis, Inc."
SLI,STANDARD LITHIUM LTD.
UTL,UNITIL CORP
KURA,"Kura Oncology, Inc."
ROOT,"Root, Inc."
SPIR,"Spire Global, Inc."
FUEMF,Fuerte Metals Corp
ARHS,"Arhaus, Inc."
LXRX,"LEXICON PHARMACEUTICALS, INC."
NEWP,NEW PACIFIC METALS CORP
SCSC,"SCANSOURCE, INC."
CPAC,CEMENTOS PACASMAYO SAA
AMPL,"Amplitude, Inc."
ABUS,Arbutus Biopharma Corp
AVR,Anteris Technologies Global Corp.
ANNX,"Annexon, Inc."
BBDC,"Barings BDC, Inc."
HNRG,HALLADOR ENERGY CO
TIGR,UP Fintech Holding Ltd
WOOF,"Petco Health & Wellness Company, Inc."
HPK,"HighPeak Energy, Inc."
SHEN,SHENANDOAH TELECOMMUNICATIONS CO/VA/
LYTS,LSI INDUSTRIES INC
PHAT,"Phathom Pharmaceuticals, Inc."
JMIA,Jumia Technologies AG
JBSS,SANFILIPPO JOHN B & SON INC
ORIC,"Oric Pharmaceuticals, Inc."
MOMO,Hello Group Inc.
JANX,"Janux Therapeutics, Inc."
ASPI,ASP Isotopes Inc.
MYE,MYERS INDUSTRIES INC
CRSR,"Corsair Gaming, Inc."
XNCR,Xencor Inc
CRTO,Criteo S.A.
ETON,"Eton Pharmaceuticals, Inc."
CRCT,"Cricut, Inc."
MATW,MATTHEWS INTERNATIONAL CORP
SMP,"STANDARD MOTOR PRODUCTS, INC."
SANA,"Sana Biotechnology, Inc."
NUTX,Nutex Health Inc.
CAC,CAMDEN NATIONAL CORP
TBPH,"Theravance Biopharma, Inc."
ARKO,ARKO Corp.
DRUG,BRIGHT MINDS BIOSCIENCES INC.
OMER,OMEROS CORP
NX,Quanex Building Products CORP
AVTX,"Avalo Therapeutics, Inc."
WGO,WINNEBAGO INDUSTRIES INC
EVMN,"Evommune, Inc."
SSYS,STRATASYS LTD.
INMD,InMode Ltd.
AMPH,"Amphastar Pharmaceuticals, Inc."
AVO,"Mission Produce, Inc."
ODTX,"Odyssey Therapeutics, Inc."
ABSI,Absci Corp
UMAC,"Unusual Machines, Inc."
GERN,GERON CORP
MTUS,Metallus Inc.
QDEL,QuidelOrtho Corp
LBRX,LB PHARMACEUTICALS INC
SPRY,"ARS Pharmaceuticals, Inc."
EPC,EDGEWELL PERSONAL CARE Co
CERT,"Certara, Inc."
ESPR,"Esperion Therapeutics, Inc."
CDNL,Cardinal Infrastructure Group Inc.
CRESY,CRESUD INC
CTMX,"CytomX Therapeutics, Inc."
RHNO,RHINO BITCOIN INC.
SUPV,Grupo Supervielle S.A.
KRO,KRONOS WORLDWIDE INC
LAES,SEALSQ Corp
EFOR,Everforth Inc
CAZGF,Catapult Group International Ltd
APOG,"APOGEE ENTERPRISES, INC."
GSM,Ferroglobe PLC
GRPN,"Groupon, Inc."
GO,Grocery Outlet Holding Corp.
AURA,"Aura Biosciences, Inc."
ANL,Adlai Nortye Ltd.
REPX,"Riley Exploration Permian, Inc."
WEST,Westrock Coffee Co
OBE,OBSIDIAN ENERGY LTD.
MRAM,EVERSPIN TECHNOLOGIES INC.
VOR,Vor Biopharma Inc.
SERV,Serve Robotics Inc. /DE/
HZO,MARINEMAX INC
BMM,Blue Moon Metals Inc.
CGNT,Cognyte Software Ltd.
BBSI,BARRETT BUSINESS SERVICES INC
SCHL,SCHOLASTIC CORP
MITK,MITEK SYSTEMS INC
SXC,"SunCoke Energy, Inc."
RLMD,"RELMADA THERAPEUTICS, INC."
DC,Dakota Gold Corp.
ASC,Ardmore Shipping Corp
WRLD,WORLD ACCEPTANCE CORP
IBTA,"Ibotta, Inc."
SCZM,Santacruz Silver Mining Ltd.
SSII,"SS Innovations International, Inc."
NFGC,New Found Gold Corp.
KFRC,KFORCE INC
ANRO,"Alto Neuroscience, Inc."
CBRL,"CRACKER BARREL OLD COUNTRY STORE, INC"
TMQ,Trilogy Metals Inc.
DGXX,Digi Power X Inc.
ALLO,"Allogene Therapeutics, Inc."
TMCR,Metals Royalty Co Inc.
RDVT,"Red Violet, Inc."
GDOT,GREEN DOT CORP
DSP,Viant Technology Inc.
VTS,"Vitesse Energy, Inc."
MRLN,"Merlin, Inc."
JBI,"Janus International Group, Inc."
QNC,Quantum eMotion Corp
BIOA,"BioAge Labs, Inc."
KRNT,Kornit Digital Ltd.
FTK,FLOTEK INDUSTRIES INC/CN/
TRNS,TRANSCAT INC
CBLL,"Ceribell, Inc."
HSTM,HEALTHSTREAM INC
FWRG,"First Watch Restaurant Group, Inc."
DSGN,"Design Therapeutics, Inc."
RR,RICHTECH ROBOTICS INC.
CYRX,"Cryoport, Inc."
CSV,CARRIAGE SERVICES INC
QNST,"QUINSTREET, INC"
FOXF,FOX FACTORY HOLDING CORP
NTGR,"NETGEAR, INC."
HSHP,Himalaya Shipping Ltd.
NABL,"N-able, Inc."
ODD,Oddity Tech Ltd
RBTK,ZHEN DING RESOURCES INC.
ISOU,IsoEnergy Ltd.
BTBT,"Bit Digital, Inc"
SGP,"SpyGlass Pharma, Inc."
RSKD,RISKIFIED LTD.
KRUS,"KURA SUSHI USA, INC."
GRNT,"Granite Ridge Resources, Inc."
SWBI,"SMITH & WESSON BRANDS, INC."
EVER,"EverQuote, Inc."
MEC,"Mayville Engineering Company, Inc."
SLDB,Solid Biosciences Inc.
FEIM,FREQUENCY ELECTRONICS INC
BLMN,"Bloomin' Brands, Inc."
MTA,Metalla Royalty & Streaming Ltd.
OXM,OXFORD INDUSTRIES INC
DJCO,DAILY JOURNAL CORP
THSGF,THESIS GOLD INC.
EROK,"EagleRock Land, LLC"
BZH,BEAZER HOMES USA INC
CLB,Core Laboratories Inc. /DE/
GMTL,Guardian Metal Resources PLC
BBOT,"BridgeBio Oncology Therapeutics, Inc."
SVMB,"Jingbo Technology, Inc."
ELA,Envela Corp
MRRDF,Meridian Mining UK Societas
UTZ,"Utz Brands, Inc."
BALY,Bally's Corp
THM,INTERNATIONAL TOWER HILL MINES LTD
GCMG,GCM Grosvenor Inc.
TLRY,"Tilray Brands, Inc."
SIBN,"SI-BONE, Inc."
CLYM,"Climb Bio, Inc."
WRN,Western Copper & Gold Corp
NGVC,"Natural Grocers by Vitamin Cottage, Inc."
URG,UR-ENERGY INC
CRMD,CorMedix Inc.
CLFD,"Clearfield, Inc."
GPRK,GeoPark Ltd
IRWD,IRONWOOD PHARMACEUTICALS INC
RGR,STURM RUGER & CO INC
MNTN,"MNTN, Inc."
SABR,Sabre Corp
BWMX,"BETTERWARE DE MEXICO, S.A.P.I. DE C.V"
CTGO,Contango Silver & Gold Inc.
FET,"FORUM ENERGY TECHNOLOGIES, INC."
OFRM,"Once Upon a Farm, PBC"
ACRS,"Aclaris Therapeutics, Inc."
HY,"HYSTER-YALE, INC."
IMMX,"Immix Biopharma, Inc."
SWIM,"Latham Group, Inc."
NMG,Nouveau Monde Graphite Inc.
AMWD,AMERICAN WOODMARK CORP
HELE,HELEN OF TROY LTD
KE,"Kimball Electronics, Inc."
GMRS,GMR Solutions Inc.
BVS,Bioventus Inc.
AMRQF,AMAROQ LTD.
MTC,"MMTEC, INC."
VTEX,VTEX
ZVRA,"ZEVRA THERAPEUTICS, INC."
VREOF,Vireo Growth Inc.
ASIX,AdvanSix Inc.
WTI,W&T OFFSHORE INC
GEMI,"Gemini Space Station, Inc."
CABA,"Cabaletta Bio, Inc."
RYAM,RAYONIER ADVANCED MATERIALS INC.
GAU,Galiano Gold Inc.
GOGO,Gogo Inc.
LGDTF,Liberty Gold Corp. /CAN
PAR,PAR TECHNOLOGY CORP
CASS,CASS INFORMATION SYSTEMS INC
CSTL,CASTLE BIOSCIENCES INC
TRAX,"First Tracks Biotherapeutics, Inc."
SSTK,"Shutterstock, Inc."
IDR,"Idaho Strategic Resources, Inc."
EGY,VAALCO ENERGY INC /DE/
DDI,"DoubleDown Interactive Co., Ltd."
MLAB,MESA LABORATORIES INC /CO/
MAMA,"Mama's Creations, Inc."
CADL,"Candel Therapeutics, Inc."
DNUT,"Krispy Kreme, Inc."
MG,"Mistras Group, Inc."
APPS,"Digital Turbine, Inc."
AMSF,AMERISAFE INC
ARVN,"ARVINAS, INC."
ELVA,Electrovaya Inc.
GYRE,"GYRE THERAPEUTICS, INC."
BTQ,BTQ Technologies Corp.
VALN,Valneva SE
PRAA,PRA GROUP INC
HUYA,HUYA Inc.
ONT,"Onterris, Inc."
ALT,"Altimmune, Inc."
BWMN,Bowman Consulting Group Ltd.
MCS,MARCUS CORP
YB,Yuanbao Inc.
DDL,Dingdong (Cayman) Ltd
ADV,Advantage Solutions Inc.
NPCE,NeuroPace Inc
TECX,"Tectonic Therapeutic, Inc."
CBIO,"CRESCENT BIOPHARMA, INC."
TCMD,TACTILE SYSTEMS TECHNOLOGY INC
MBUU,"MALIBU BOATS, INC."
TDUP,ThredUp Inc.
ACNB,ACNB CORP
LEGH,Legacy Housing Corp
IIIV,"i3 Verticals, Inc."
TASK,"TaskUs, Inc."
PHR,"Phreesia, Inc."
PD,"PagerDuty, Inc."
FIP,FTAI Infrastructure Inc.
WDH,Waterdrop Inc.
AGMB,Agomab Therapeutics NV
PANL,Pangaea Logistics Solutions Ltd.
MDXG,"MIMEDX GROUP, INC."
CARS,Cars.com Inc.
CCSI,"Consensus Cloud Solutions, Inc."
SD,SANDRIDGE ENERGY INC
CERS,CERUS CORP
GSKRF,FIRST NORDIC METALS CORP.
NRDS,"NERDWALLET, INC."
RIGL,RIGEL PHARMACEUTICALS INC
NGS,NATURAL GAS SERVICES GROUP INC
MLR,MILLER INDUSTRIES INC /TN/
PRME,"Prime Medicine, Inc."
NIKA,"NIKA PHARMACEUTICALS, INC"
IPI,"Intrepid Potash, Inc."
EIKN,"Eikon Therapeutics, Inc."
IIIN,INSTEEL INDUSTRIES INC
SRTA,"Strata Critical Medical, Inc."
OIS,"OIL STATES INTERNATIONAL, INC"
OOMA,OOMA INC
TRC,TEJON RANCH CO
KRT,Karat Packaging Inc.
PRTA,PROTHENA CORP PUBLIC LTD CO
KYTX,"Kyverna Therapeutics, Inc."
DDD,3D SYSTEMS CORP
BBNX,"Beta Bionics, Inc."
CTKB,"Cytek Biosciences, Inc."
EBF,"ENNIS, INC."
AQST,"Aquestive Therapeutics, Inc."
CRNC,Cerence Inc.
UROY,Uranium Royalty Corp.
CTNM,"Contineum Therapeutics, Inc."
PROK,PROKIDNEY CORP.
EACO,EACO CORP
ETD,ETHAN ALLEN INTERIORS INC
ADUR,ADURO CLEAN TECHNOLOGIES INC.
OSPN,OneSpan Inc.
TATT,TAT TECHNOLOGIES LTD
HKHC,Horizon Kinetics Holding Corp
ITRG,Integra Resources Corp.
ANGX,"Angel Studios, Inc."
WILC,G WILLI FOOD INTERNATIONAL LTD
FLGT,"Fulgent Genetics, Inc."
SIDU,Sidus Space Inc.
RBBN,Ribbon Communications Inc.
MNRO,"MONRO, INC."
UXIN,Uxin Ltd
MFI,mF International Ltd
EPRX,EUPRAXIA PHARMACEUTICALS INC.
ANGO,ANGIODYNAMICS INC
PUBM,"PubMatic, Inc."
ASPN,ASPEN AEROGELS INC
ZSQR,Z Squared Inc.
UURAF,Ucore Rare Metals Inc.
YORW,YORK WATER CO
ALIT,"Alight, Inc. / Delaware"
FFMGF,First Mining Gold Corp.
CWCO,Consolidated Water Co. Ltd.
TROO,"Troops, Inc. /Cayman Islands/"
RPD,"Rapid7, Inc."
WGRX,"Wellgistics Health, Inc."
FGOVF,FREEGOLD VENTURES LTD
AIOT,"Powerfleet, Inc."
ABAT,AMERICAN BATTERY TECHNOLOGY Co
SWMR,"Swarmer, Inc"
BMBL,Bumble Inc.
CATX,"Perspective Therapeutics, Inc."
NINE,"Nine Energy Service, Inc."
EBS,Emergent BioSolutions Inc.
BBW,BUILD-A-BEAR WORKSHOP INC
ELMT,Elmet Group Co.
CAL,CALERES INC
SCVL,SHOE CARNIVAL INC
ZDCAF,"ZEDCOR, INC."
ALTI,"AlTi Global, Inc."
CVGW,CALAVO GROWERS INC
HTT,High Templar Tech Ltd
CGC,Canopy Growth Corp
STTK,"Shattuck Labs, Inc."
ACHV,"ACHIEVE LIFE SCIENCES, INC."
TWI,TITAN INTERNATIONAL INC
TITN,Titan Machinery Inc.
JOUT,JOHNSON OUTDOORS INC
SFIX,"Stitch Fix, Inc."
MAX,"MediaAlpha, Inc."
BLZE,"Backblaze, Inc."
CYDY,CytoDyn Inc.
ATOM,Atomera Inc
ESEA,EUROSEAS LTD.
KIDS,ORTHOPEDIATRICS CORP
KMDA,KAMADA LTD
IMXI,"International Money Express, Inc."
OVID,Ovid Therapeutics Inc.
FDMT,"4D Molecular Therapeutics, Inc."
CMCL,Caledonia Mining Corp Plc
STRO,"SUTRO BIOPHARMA, INC."
OCGN,"Ocugen, Inc."
CMCO,COLUMBUS MCKINNON CORP
ALMU,"Aeluma, Inc."
ERII,"Energy Recovery, Inc."
ASMB,"ASSEMBLY BIOSCIENCES, INC."
FBRX,"Forte Biosciences, Inc."
NEXN,Nexxen International Ltd.
FULC,"Fulcrum Therapeutics, Inc."
AUTL,Autolus Therapeutics plc
WEAV,"Weave Communications, Inc."
ACTG,ACACIA RESEARCH CORP
UPB,"Upstream Bio, Inc."
ADCT,ADC Therapeutics SA
CLNE,Clean Energy Fuels Corp.
SGMT,Sagimet Biosciences Inc.
KLC,"KinderCare Learning Companies, Inc."
ZKH,ZKH Group Ltd
DCBO,Docebo Inc.
NKLR,Terra Innovatum Global N.V.
GRVY,"GRAVITY Co., Ltd."
MGMNF,MAGNA MINING INC.
LSAK,LESAKA TECHNOLOGIES INC
REEMF,RARE ELEMENT RESOURCES LTD
OSS,"ONE STOP SYSTEMS, INC."
IBEX,IBEX Ltd
GEVO,"Gevo, Inc."
EVH,"Evolent Health, Inc."
VOXR,VOX ROYALTY CORP.
PLAY,"Dave & Buster's Entertainment, Inc."
VREX,Varex Imaging Corp
NGNE,Neurogene Inc.
SMC,Summit Midstream Corp
ATNI,"ATN International, Inc."
DVLT,Datavault AI Inc.
LAB,STANDARD BIOTOOLS INC.
MTW,MANITOWOC CO INC
VITL,"Vital Farms, Inc."
SUPX,SuperX AI Technology Ltd
AMCX,AMC Global Media Inc.
MNPR,Monopar Therapeutics
DUOT,"DUOS TECHNOLOGIES GROUP, INC."
REA,"Rare Earths Americas, Inc."
SOHU,Sohu.com Ltd
GOTU,Gaotu Techedu Inc.
ZUMZ,Zumiez Inc
MEI,METHODE ELECTRONICS INC
CINT,CI&T Inc
FSTR,FOSTER L B CO
EOLS,"Evolus, Inc."
SPT,"Sprout Social, Inc."
JLHL,Julong Holding Ltd
NEGG,"Newegg Commerce, Inc."
OEC,Orion S.A.
CCRN,CROSS COUNTRY HEALTHCARE INC
ALTO,"Alto Ingredients, Inc."
GCO,GENESCO INC
PNRG,PRIMEENERGY RESOURCES CORP
LXEO,"Lexeo Therapeutics, Inc."
IFRX,InflaRx N.V.
VUZI,Vuzix Corp
QUIK,QUICKLOGIC Corp
CYH,COMMUNITY HEALTH SYSTEMS INC
ZURA,Zura Bio Ltd
BYND,"BEYOND MEAT, INC."
AGCC,Agencia Comercial Spirits Ltd.
CMPX,"Compass Therapeutics, Inc."
OFIX,Orthofix Medical Inc.
RLGT,"RADIANT LOGISTICS, INC"
CLMB,"Climb Global Solutions, Inc."
ISTR,Investar Holding Corp
FVRR,Fiverr International Ltd.
PINWF,Pinewood Technologies Group plc
GBLI,"Global Indemnity Group, LLC"
NOA,North American Construction Group Ltd.
BNTC,Benitec Biopharma Inc.
ENTA,ENANTA PHARMACEUTICALS INC
HNST,"Honest Company, Inc."
IPSC,"Century Therapeutics, Inc."
PACB,"PACIFIC BIOSCIENCES OF CALIFORNIA, INC."
CLCHF,Clinch Resources Ltd.
PSFE,Paysafe Ltd
BOC,BOSTON OMAHA Corp
TBRG,"TruBridge, Inc."
NL,NL INDUSTRIES INC
CCCC,"C4 Therapeutics, Inc."
DIN,"Dine Brands Global, Inc."
PAYS,"Paysign, Inc."
AIRS,"Airsculpt Technologies, Inc."
RNGR,"Ranger Energy Services, Inc."
NATR,NATURES SUNSHINE PRODUCTS INC
CVEO,Civeo Corp
REAX,Real Brokerage Inc
VSTM,"Verastem, Inc."
MAGN,Magnera Corp
LYEL,"Lyell Immunopharma, Inc."
XPER,Xperi Inc.
GSIT,GSI TECHNOLOGY INC
LND,BrasilAgro - Brazilian Agricultural Real Estate Co
LTBR,LIGHTBRIDGE Corp
YEXT,"Yext, Inc."
MGPI,MGP INGREDIENTS INC
REPL,"Replimune Group, Inc."
STRZ,STARZ ENTERTAINMENT CORP /CN/
GLSI,"Greenwich LifeSciences, Inc."
CTEV,Claritev Corp
BGIN,BGIN BLOCKCHAIN Ltd
OPAL,OPAL Fuels Inc.
XFOR,"X4 Pharmaceuticals, Inc"
DBI,Designer Brands Inc.
NC,NACCO INDUSTRIES INC
SNDL,SNDL Inc.
QUAD,"Quad/Graphics, Inc."
VNDA,Vanda Pharmaceuticals Inc.
ELTP,ELITE PHARMACEUTICALS INC /NV/
ALLT,Allot Ltd.
DCTH,"DELCATH SYSTEMS, INC."
NNDM,Nano Dimension Ltd.
LE,"LANDS' END, INC."
ARTV,"Artiva Biotherapeutics, Inc."
LWAY,"Lifeway Foods, Inc."
PBYI,"PUMA BIOTECHNOLOGY, INC."
MPTI,"M-tron Industries, Inc."
CTRN,Citi Trends Inc
GASS,StealthGas Inc.
VMD,"VIEMED HEALTHCARE, INC."
MTRX,MATRIX SERVICE CO
GNE,Genie Energy Ltd.
PTHRF,Pantheon Resources plc
TSSI,"TSS, Inc."
CLLS,Cellectis S.A.
CURR,Currenc Group Inc.
MYGN,MYRIAD GENETICS INC
ENHA,Enhanced Group Inc.
TAKOF,Volatus Aerospace Inc.
MTLS,MATERIALISE NV
LRMR,"Larimar Therapeutics, Inc."
SUJA,"SUJA LIFE, INC."
AVIR,"Atea Pharmaceuticals, Inc."
SOPH,SOPHiA GENETICS SA
TRX,TRX GOLD Corp
PERI,Perion Network Ltd.
PPHC,"Public Policy Holding Company, Inc."
BLND,"Blend Labs, Inc."
BRVMF,Bravo Mining Corp.
CLPT,"ClearPoint Neuro, Inc."
VHI,VALHI INC /DE/
FWDI,"Forward Industries, Inc."
TLS,TELOS CORP
SMWB,SIMILARWEB LTD.
PALI,"PALISADE BIO, INC."
RMR,RMR GROUP INC.
NWBO,NORTHWEST BIOTHERAPEUTICS INC
FENC,FENNEC PHARMACEUTICALS INC.
WEYS,WEYCO GROUP INC
ESOA,Energy Services of America CORP
TTGT,"TechTarget, Inc."
IMRX,Immuneering Corp
NMRA,"Neumora Therapeutics, Inc."
DMAC,DiaMedica Therapeutics Inc.
MLP,MAUI LAND & PINEAPPLE CO INC
USNA,USANA HEALTH SCIENCES INC
CRLBF,Cresco Labs Inc.
ASYS,AMTECH SYSTEMS INC
REI,"RING ENERGY, INC."
RM,Regional Management Corp.
BCML,BayCom Corp
SIGA,SIGA TECHNOLOGIES INC
BNED,"Barnes & Noble Education, Inc."
IRD,"Opus Genetics, Inc."
RMNI,"Rimini Street, Inc."
VGZ,VISTA GOLD CORP
BGS,"B&G Foods, Inc."
CV,"CapsoVision, Inc"
SVCO,"Silvaco Group, Inc."
WNC,WABASH NATIONAL Corp
BKRRF,BLACKROCK SILVER CORP.
RGNX,REGENXBIO Inc.
PRLD,Prelude Therapeutics Inc
CARL,"CARLSMED, INC."
IVVD,"Invivyd, Inc."
GSVRF,GUANAJUATO SILVER CO LTD
LCTX,"Lineage Cell Therapeutics, Inc."
API,"Agora, Inc."
CGEH,"Capstone Energy Plus, Inc."
GGAZF,Goldgroup Mining Inc.
TYGO,"TIGO ENERGY, INC."
BCYC,BICYCLE THERAPEUTICS PLC
TENX,"TENAX THERAPEUTICS, INC."
RZLT,"Rezolute, Inc."
CXDO,"Crexendo, Inc."
WHGOF,White Gold Corp.
ELMD,"Electromed, Inc."
PLTS,Platinum Analytics Cayman Ltd
AIRRF,Aurion Resources Ltd.
ABEO,ABEONA THERAPEUTICS INC.
AUNA,AUNA S.A.
SSP,E.W. SCRIPPS Co
RDNW,"RideNow Group, Inc."
SI,"SHOULDER INNOVATIONS, INC."
MBI,MBIA INC
OTLY,Oatly Group AB
STRT,STRATTEC SECURITY CORP
SITKF,Sitka Gold Corp.
NAUT,"Nautilus Biotechnology, Inc."
SLP,"Simulations Plus, Inc."
EU,enCore Energy Corp.
NAGE,"Niagen Bioscience, Inc."
BKTI,BK Technologies Corp
OPTU,"Optimum Communications, Inc."
ALCO,"ALICO, INC."
FWRD,FORWARD AIR CORP
LODE,Comstock Inc.
EGHT,8X8 INC /DE/
SEG,Seaport Entertainment Group Inc.
SVRSF,Silver Storm Mining Ltd.
CAN,Canaan Inc.
ACIU,AC Immune SA
ONIT,ONITY GROUP INC.
STEX,Streamex Corp.
AMRN,AMARIN CORP PLCUK
ASLE,AerSale Corp
ELDN,"Eledon Pharmaceuticals, Inc."
MASS,908 Devices Inc.
EDIT,"Editas Medicine, Inc."
ISSC,INNOVATIVE SOLUTIONS & SUPPORT INC
ARMP,"Armata Pharmaceuticals, Inc."
FNKO,"Funko, Inc."
VFF,"Village Farms International, Inc."
CABO,"Cable One, Inc."
LTRX,LANTRONIX INC
DMRC,Digimarc Corp
GTE,GRAN TIERRA ENERGY INC.
AZ,A2Z CUST2MATE SOLUTIONS CORP.
PTLO,Portillo's Inc.
NUS,"NU SKIN ENTERPRISES, INC."
FCCO,FIRST COMMUNITY CORP /SC/
NCMI,"National CineMedia, Inc."
MGNX,MACROGENICS INC
XPOF,"Xponential Fitness, Inc."
FJET,"Starfighters Space, Inc."
EGG,ENIGMATIG LTD
NTPIF,NAM TAI PROPERTY INC.
ZNTL,"Zentalis Pharmaceuticals, Inc."
FLWS,1 800 FLOWERS COM INC
CDPMF,Cerro de Pasco Resources Inc.
AKBA,"Akebia Therapeutics, Inc."
FUBO,FuboTV Inc.
TG,TREDEGAR CORP
HHLKF,Hot Chili Ltd
HCKT,"HACKETT GROUP, INC."
CNDT,CONDUENT Inc
RCKY,"ROCKY BRANDS, INC."
TDRRF,Tudor Gold Corp.
SITC,SITE Centers Corp.
BRT,BRT Apartments Corp.
GAMG,"Global Asset Management Group, Inc."
SGHT,"Sight Sciences, Inc."
OSUR,ORASURE TECHNOLOGIES INC
SILC,SILICOM LTD.
ACRE,Ares Commercial Real Estate Corp
TARA,"Protara Therapeutics, Inc."
BUUU,BUUU Group Ltd
HBB,Hamilton Beach Brands Holding Co
NVCT,"Nuvectis Pharma, Inc."
BUKS,BUTLER NATIONAL CORP
FC,FRANKLIN COVEY CO
USAU,U.S. GOLD CORP.
PAMT,PAMT CORP
DEFT,"Defi Technologies, Inc."
AGGI,"Allied Energy, Inc."
TRDA,"Entrada Therapeutics, Inc."
RELL,"RICHARDSON ELECTRONICS, LTD."
ESCA,ESCALADE INC
ZIP,"ZIPRECRUITER, INC."
FHTX,Foghorn Therapeutics Inc.
INR,"INFINITY NATURAL RESOURCES, INC."
CAMVF,Cambria Gold Mines Inc.
GLATF,Global Atomic Corp
CIA,"CITIZENS, INC."
KRYXF,KORYX COPPER INC.
JAKK,JAKKS PACIFIC INC
PNPNF,POWER METALLIC MINES INC.
TBCH,Turtle Beach Corp
CRNT,CERAGON NETWORKS LTD
AIFU,AIFU Inc.
FXNC,FIRST NATIONAL CORP /VA/
CGEN,COMPUGEN LTD
YSG,Yatsen Holding Ltd
ASUR,ASURE SOFTWARE INC
HUHU,HUHUTECH International Group Inc.
TSNDF,TerrAscend Corp.
CHRS,"Coherus Oncology, Inc."
SBMT,SILVER BOW MINING CORP.
FATE,FATE THERAPEUTICS INC
OSG,OCTAVE SPECIALTY GROUP INC
AVXL,ANAVEX LIFE SCIENCES CORP.
RXST,"RxSight, Inc."
PMMCF,Pampa Metals Corp
TGMPF,Tantalus Systems Holding Inc.
TRVG,trivago N.V.
FUNC,FIRST UNITED CORP/MD/
TWIN,TWIN DISC INC
PROF,Profound Medical Corp.
TWFG,"TWFG, Inc."
RDCM,RADCOM LTD
ADAG,Adagene Inc.
SMRT,"SmartRent, Inc."
NERV,"Minerva Neurosciences, Inc."
LENZ,"LENZ Therapeutics, Inc."
QDMI,QDM International Inc.
LAW,"CS Disco, Inc."
SLGL,Sol-Gel Technologies Ltd.
LOVE,Lovesac Co
FOSL,"Fossil Group, Inc."
TC,Token Cat Ltd
GLDG,GoldMining Inc.
PCYO,PURE CYCLE CORP
PTNM,Pitanium Ltd
AREC,American Resources Corp
CNTX,Context Therapeutics Inc.
CMRC,"Commerce.com, Inc."
LCNB,LCNB CORP
DPRO,Draganfly Inc.
RGCO,RGC RESOURCES INC
ALEC,"Alector, Inc."
EAF,GRAFTECH INTERNATIONAL LTD
WHWK,"Whitehawk Therapeutics, Inc."
CDXS,"CODEXIS, INC."
UIS,UNISYS CORP
KINS,"KINGSTONE COMPANIES, INC."
SRGXF,Surge Copper Corp
MX,MAGNACHIP SEMICONDUCTOR Corp
AUDC,AUDIOCODES LTD
LMNR,Limoneira CO
AVNW,"AVIAT NETWORKS, INC."
VYGR,"Voyager Therapeutics, Inc."
FLXS,FLEXSTEEL INDUSTRIES INC
CLW,Clearwater Paper Corp
MNTK,"Montauk Renewables, Inc."
ATGL,Alpha Technology Group Ltd
TPVG,TriplePoint Venture Growth BDC Corp.
INTT,INTEST CORP
TII,Titan Mining Corp
TBXXF,King Copper Discovery Corp.
LIEN,"Chicago Atlantic BDC, Inc."
VENU,Venu Holding Corp
MAGH,Magnitude International Ltd
KLTR,KALTURA INC
AP,AMPCO PITTSBURGH CORP
KVHI,KVH INDUSTRIES INC DE
IKT,"Inhibikase Therapeutics, Inc."
RNA,"Atrium Therapeutics, Inc."
KROS,"Keros Therapeutics, Inc."
ANGI,Angi Inc.
GWRS,"Global Water Resources, Inc."
EVI,"EVI INDUSTRIES, INC."
HELP,CYBIN INC.
SY,So-Young International Inc.
NKTX,"Nkarta, Inc."
MAMK,MaxsMaking Inc.
PLG,PLATINUM GROUP METALS LTD
TONX,TON Strategy Co
MVIS,"MICROVISION, INC."
LEE,"LEE ENTERPRISES, Inc"
HDSN,HUDSON TECHNOLOGIES INC /NY
NBP,NovaBridge Biosciences
WEWA,"WEWARDS, INC."
ACH,ACCENDRA HEALTH INC/VA/
SND,"Smart Sand, Inc."
MDWD,MediWound Ltd.
TKNO,"Alpha Teknova, Inc."
GARLF,Roxmore Resources Inc.
CRBU,"Caribou Biosciences, Inc."
GENC,GENCOR INDUSTRIES INC
SRI,STONERIDGE INC
HWAIF,Healwell AI Inc.
LUCD,Lucid Diagnostics Inc.
VATE,INNOVATE Corp.
IMMR,IMMERSION CORP
MRBK,Meridian Corp
MPAA,MOTORCAR PARTS OF AMERICA INC
SGLA,Sino Green Land Corp.
SMTI,Sanara MedTech Inc.
TSKFF,Talisker Resources Ltd.
CAMP,Camp4 Therapeutics Corp
PDEX,PRO DEX INC
IMDX,Insight Molecular Diagnostics Inc.
JACK,JACK IN THE BOX INC
III,Information Services Group Inc.
HITI,High Tide Inc.
RFIL,R F INDUSTRIES LTD
PMTS,CPI Card Group Inc.
BRCC,BRC Inc.
GPRO,"GoPro, Inc."
KULR,"KULR Technology Group, Inc."
ACB,AURORA CANNABIS INC
INSG,INSEEGO CORP.
GORO,GOLD RESOURCE CORP
CPSH,CPS TECHNOLOGIES CORP/DE/
TNXP,Tonix Pharmaceuticals Holding Corp.
CMT,CORE MOLDING TECHNOLOGIES INC
KPTI,Karyopharm Therapeutics Inc.
ICTSF,ICTS INTERNATIONAL N V
PESI,PERMA FIX ENVIRONMENTAL SERVICES INC
LCUT,"LIFETIME BRANDS, INC"
OMSE,OMS Energy Technologies Inc.
EMBC,Embecta Corp.
EXOD,"Exodus Movement, Inc."
DTIL,PRECISION BIOSCIENCES INC
ANIK,"Anika Therapeutics, Inc."
AMPY,Amplify Energy Corp.
BHLL,Bunker Hill Mining Corp.
YDDL,One & one Green Technologies. INC
SUGRF,Sucro Ltd
INSE,"Inspired Entertainment, Inc."
VERI,"Veritone, Inc."
EGAN,EGAIN Corp
NIU,Niu Technologies
KRMD,"KORU Medical Systems, Inc."
ANTA,Antalpha Platform Holding Co
TLSA,Tiziana Life Sciences Ltd
SGC,"SUPERIOR GROUP OF COMPANIES, INC."
KGEI,Kolibri Global Energy Inc.
ELTX,"Elicio Therapeutics, Inc."
MINE,MAYFAIR GOLD CORP.
STXS,"Stereotaxis, Inc."
RNAC,"Cartesian Therapeutics, Inc."
JILL,"J.Jill, Inc."
UNCY,"Unicycive Therapeutics, Inc."
OZ,"Belpointe PREP, LLC"
RVLGF,Revival Gold Inc.
PED,PEDEVCO CORP
RLEA,Rubber Leaf Inc
TRAK,"ReposiTrak, Inc."
PSRHF,Pulsar Helium Inc.
GALT,GALECTIN THERAPEUTICS INC
TMCI,"TREACE MEDICAL CONCEPTS, INC."
RYDE,Ryde Group Ltd
TGEN,TECOGEN INC.
CANG,Cango Inc.
LFCR,"LIFECORE BIOMEDICAL, INC. \DE\"
TBI,"TrueBlue, Inc."
INGN,Inogen Inc
SLQT,"SelectQuote, Inc."
KRRO,"Korro Bio, Inc."
ONEW,OneWater Marine Inc.
ANTX,"AN2 Therapeutics, Inc."
FF,FutureFuel Corp.
AMTX,"AEMETIS, INC"
NFE,New Fortress Energy Inc.
EPSN,Epsilon Energy Ltd.
HQI,"HireQuest, Inc."
IMUX,"IMMUNIC, INC."
CVGI,"Commercial Vehicle Group, Inc."
NGEN,NERVGEN PHARMA CORP.
NUTR,NUSATRIP Inc
MIST,Milestone Pharmaceuticals Inc.
ABOS,"Acumen Pharmaceuticals, Inc."
ZJK,"ZJK Industrial Co., Ltd."
ESP,ESPEY MFG & ELECTRONICS CORP
UTGN,UTG INC
PLX,"Protalix BioTherapeutics, Inc."
LAWR,"Robot Consulting Co., Ltd."
DAVA,Endava plc
APYX,Apyx Medical Corp
SSVFF,SOUTHERN SILVER EXPLORATION CORP
FLX,BingEx Ltd
TNYA,"Tenaya Therapeutics, Inc."
TAYD,"TAYLOR DEVICES, INC."
TRT,TRIO-TECH INTERNATIONAL
DERM,Journey Medical Corp
HRTX,"HERON THERAPEUTICS, INC. /DE/"
CHCI,"Comstock Holding Companies, Inc."
COOK,"Traeger, Inc."
DOMO,"DOMO, INC."
TCX,TUCOWS INC /PA/
OKUR,"OnKure Therapeutics, Inc."
DOUG,Douglas Elliman Inc.
DIBS,"1stdibs.com, Inc."
SPRO,"Spero Therapeutics, Inc."
SMID,SMITH MIDLAND CORP
PRQR,ProQR Therapeutics N.V.
ORMP,ORAMED PHARMACEUTICALS INC.
AMEGF,American Eagle Gold Corp.
MENS,Jyong Biotech Ltd.
HYPR,"Hyperfine, Inc."
ENLV,Enlivex Ltd.
HTLM,HomesToLife Ltd
FRD,FRIEDMAN INDUSTRIES INC
INVZ,Innoviz Technologies Ltd.
EDAP,EDAP TMS SA
DHX,"DHI GROUP, INC."
AMBR,Amber International Holding Ltd
MRT,"Marti Technologies, Inc."
CVRX,"CVRx, Inc."
STLRF,STLLR Gold Inc.
ACU,ACME UNITED CORP
TTRX,Turn Therapeutics Inc.
TETOF,Tectonic Metals Inc.
ZHJD,Intelligent Hotel Group Ltd.
CHGG,"CHEGG, INC"
CURI,CuriosityStream Inc.
NRDY,Nerdy Inc.
AXREF,AMARC RESOURCES LTD
BRCB,"Black Rock Coffee Bar, Inc."
AGXPF,SILVER X MINING CORP.
COE,51Talk Online Education Group
OGI,ORGANIGRAM GLOBAL INC.
HURA,"TuHURA Biosciences, Inc./NV"
HYDTF,Hydreight Technologies Inc.
TUSK,"MAMMOTH ENERGY SERVICES, INC."
WATT,Energous Corp
JELD,"JELD-WEN Holding, Inc."
USBC,"USBC, Inc."
RCMT,"RCM TECHNOLOGIES, INC."
EPM,EVOLUTION PETROLEUM CORP
RAIL,"FreightCar America, Inc."
VXRT,"Vaxart, Inc."
BDSX,BIODESIX INC
GRO,Brazil Potash Corp.
APGOF,Apollo Silver Corp
CRDL,Cardiol Therapeutics Inc.
BNR,Burning Rock Biotech Ltd
BZUN,Baozun Inc.
TORO,TORO CORP.
SAFX,"XCF Global, Inc."
SKYX,SKYX Platforms Corp.
HYSR,"SUNHYDROGEN, INC."
CTW,CTW Cayman
PLBY,"Playboy, Inc."
RGP,"RESOURCES CONNECTION, INC."
VLTLF,Volt Lithium Corp.
AXR,AMREP CORP.
CMTL,COMTECH TELECOMMUNICATIONS CORP /DE/
BOOM,DMC Global Inc.
PAL,"Proficient Auto Logistics, Inc"
EQ,"Equillium, Inc."
GUTS,"FRACTYL HEALTH, INC."
MED,MEDIFAST INC
NNBR,NN INC
CMCM,Cheetah Mobile Inc.
EMPG,Empro Group Inc.
KZIA,KAZIA THERAPEUTICS LTD
HOFT,HOOKER FURNISHINGS Corp
CAAS,"China Automotive Systems, Inc."
SPRB,"SPRUCE BIOSCIENCES, INC."
SKLZ,Skillz Inc.
GCUMF,Gunnison Copper Corp.
YOOV,Concorde International Group Ltd.
SHIM,Shimmick Corp
CODA,"Coda Octopus Group, Inc."
KBLB,"Kraig Biocraft Laboratories, Inc."
AMWL,American Well Corp
SNWV,"SANUWAVE Health, Inc."
MSLE,Satellos Bioscience Inc.
WW,"WW INTERNATIONAL, INC."
LGCY,Legacy Education Inc.
ZVIA,Zevia PBC
NNOX,Nano-X Imaging Ltd.
AGEN,AGENUS INC
LMRXF,LARAMIDE RESOURCES LTD
TLYS,"TILLY'S, INC."
SIF,SIFCO INDUSTRIES INC
BDTX,"Black Diamond Therapeutics, Inc."
GNLX,GENELUX Corp
EMPD,Empery Digital Inc.
HSDT,Solana Co
JMG,JM Group Ltd
CRDF,"Cardiff Oncology, Inc."
FTCO,Fortitude Gold Corp
TGLO,THEGLOBE COM INC
RENT,"Rent the Runway, Inc."
JYNT,JOINT Corp
PODC,"PodcastOne, Inc."
VTVT,vTv Therapeutics Inc.
KTGDF,K2 Gold Corp
BYRN,Byrna Technologies Inc.
FORR,"FORRESTER RESEARCH, INC."
LQMT,LIQUIDMETAL TECHNOLOGIES INC
ZEPP,Zepp Health Corp
ACNT,ASCENT INDUSTRIES CO.
WPGCF,West Point Gold Corp.
SCTSF,Scottie Resources Corp.
NXXT,"NEXTNRG, INC."
ACOG,Alpha Cognition Inc.
QMCO,QUANTUM CORP /DE/
SPAUF,SPANISH MOUNTAIN GOLD LTD.
DWSN,DAWSON GEOPHYSICAL CO
SRFM,SURF AIR MOBILITY INC.
QTRX,Quanterix Corp
FPRGF,Falco Resources Ltd.
BSET,BASSETT FURNITURE INDUSTRIES INC
INDP,"Indaptus Therapeutics, Inc."
BRLT,"Brilliant Earth Group, Inc."
YRD,Yiren Digital Ltd.
BDCTF,BuildDirect.com Technologies Inc.
CYPH,CYPHERPUNK TECHNOLOGIES INC.
HERE,Here Group Ltd
KLRS,"Kalaris Therapeutics, Inc."
AOUT,"American Outdoor Brands, Inc."
GOAI,Eva Live Inc
ZENA,"ZenaTech, Inc."
ATLX,Atlas Lithium Corp
SANG,Sangoma Technologies Corp
PLYX,"Polaryx Therapeutics, Inc."
LGCXF,Lahontan Gold Corp.
MBOT,Microbot Medical Inc.
VHUB,"VenHub Global, Inc."
OCC,OPTICAL CABLE CORP
NYXH,Nyxoah SA
QTTB,Q32 Bio Inc.
PSIG,PS International Group Ltd.
TSQ,"Townsquare Media, Inc."
CLAR,Clarus Corp
CBUS,"Cibus, Inc."
PCLA,PicoCELA Inc.
RPMT,"REGO PAYMENT ARCHITECTURES, INC."
KEQU,KEWAUNEE SCIENTIFIC CORP /DE/
ULBI,ULTRALIFE CORP
NCAUF,Newcore Gold Ltd.
AMCI,AMC Robotics Corp
GHG,GreenTree Hospitality Group Ltd.
TEAD,Teads Holding Co.
ISPR,Ispire Technology Inc.
BSAI,BLUSKY AI INC.
HFFG,HF Foods Group Inc.
BLNK,Blink Charging Co.
XGN,EXAGEN INC.
PZG,Paramount Gold Nevada Corp.
GEOS,GEOSPACE TECHNOLOGIES CORP
SKIN,SkinHealth Systems Inc.
EXFY,"Expensify, Inc."
IPWR,Ideal Power Inc.
UTKN,Universal Token
FURY,FURY GOLD MINES LTD
COYA,"Coya Therapeutics, Inc."
CGTX,COGNITION THERAPEUTICS INC
HURC,HURCO COMPANIES INC
MB,MASTERBEEF GROUP
TUNGF,American Tungsten Corp.
ALOT,"AstroNova, Inc."
SCTH,"Securetech Innovations, Inc."
NZAUF,Rua Gold Inc.
KGFMF,Kingfisher Metals Corp.
MXCT,"MAXCYTE, INC."
EP,EMPIRE PETROLEUM CORP
VANI,"Vivani Medical, Inc."
BUDA,"BUDA JUICE, INC."
GRWG,GrowGeneration Corp.
PEVM,PHOENIX MOTOR INC.
ARQ,"Arq, Inc."
PEPG,PepGen Inc.
REKR,"Rekor Systems, Inc."
LAKE,LAKELAND INDUSTRIES INC
GGOXF,Galleon Gold Corp.
ALDX,"Aldeyra Therapeutics, Inc."
TZOO,TRAVELZOO
LCGMF,LION COPPER & GOLD CORP.
LBCMF,Copper Giant Resources Corp.
INO,"INOVIO PHARMACEUTICALS, INC."
VRCA,Verrica Pharmaceuticals Inc.
PYXS,"Pyxis Oncology, Inc."
SEER,"Seer, Inc."
FTZFF,Fitzroy Minerals Inc.
ZOMDF,Zomedica Corp.
SNNGF,PPX Mining Corp.
DTI,Drilling Tools International Corp
AKA,A.K.A. BRANDS HOLDING CORP.
TNYZF,Tiny Ltd.
SCOR,"COMSCORE, INC."
DRTTF,DIRTT ENVIRONMENTAL SOLUTIONS LTD
TMRC,Texas Mineral Resources Corp.
BCRD,"BlueOne Technologies, Inc."
RPID,"RAPID MICRO BIOSYSTEMS, INC."
HFUS,"Hartford Creative Group, Inc."
SDHC,Smith Douglas Homes Corp.
GRUSF,Grown Rogue International Inc.
NEXM,NexMetals Mining Corp.
LUD,Luda Technology Group Ltd
NXTT,Next Technology Holding Inc.
CVVUF,CANALASKA URANIUM LTD
NIPG,NIP Group Inc.
BMEA,"Biomea Fusion, Inc."
LGO,Largo Inc.
VRDR,"VERDE RESOURCES, INC."
CRMT,AMERICAS CARMART INC
VRA,"Vera Bradley, Inc."
ONCY,ONCOLYTICS BIOTECH INC
CSPI,CSP INC /MA/
ROC,Rank One Computing Corp
GLAI,"Global AI, Inc."
ORRCF,OROCO RESOURCE CORP
SIREF,Sirios Resources Inc.
ALYAF,Alithya Group inc
ICCC,IMMUCELL CORP /DE/
LFS,"LEIFRAS Co., Ltd."
VIRC,VIRCO MFG CORPORATION
LVO,"LiveOne, Inc."
PTHS,Pelthos Therapeutics Inc.
INVE,"Identiv, Inc."
BWEN,"BROADWIND, INC."
FLL,FULL HOUSE RESORTS INC
WYY,WIDEPOINT CORP
DH,Definitive Healthcare Corp.
SRL,Scully Royalty Ltd.
FTLF,"FITLIFE BRANDS, INC."
HCAT,"Health Catalyst, Inc."
GDSRF,Gold Strike Resources Corp.
CCLD,"CareCloud, Inc."
PMN,ProMIS Neurosciences Inc.
PYPD,PolyPid Ltd.
AEYE,AUDIOEYE INC
SEV,Aptera Motors Corp
AURE,Aurelion Inc.
STEM,"STEM, INC."
ANIX,Anixa Biosciences Inc
GNSS,Genasys Inc.
SPAI,Safe Pro Group Inc.
RNTX,"Rein Therapeutics, Inc."
UPXI,"UPEXI, INC."
AARD,"Aardvark Therapeutics, Inc."
LONA,"LeonaBio, Inc."
OPRX,OptimizeRx Corp
IBIO,"iBio, Inc."
SLSN,"SOLESENCE, INC."
PROP,Prairie Operating Co.
OKYO,OKYO Pharma Ltd
XTRAF,Xtract One Technologies Inc.
AIRG,AIRGAIN INC
NOBH,NOBILITY HOMES INC
SAMG,Silvercrest Asset Management Group Inc.
TELO,"Telomir Pharmaceuticals, Inc."
CWGL,"Crimson Wine Group, Ltd"
BHST,BIOHARVEST SCIENCES INC.
MCRP,Micropolis AI Robotics
ANVS,"Annovis Bio, Inc."
CPIX,CUMBERLAND PHARMACEUTICALS INC
SSTI,"SOUNDTHINKING, INC."
LFVN,Lifevantage Corp
EDSA,"Edesa Biotech, Inc."
NUVR,"Nuvera Communications, Inc."
INTG,INTERGROUP CORP
NRXS,"Neuraxis, INC"
KG,Kestrel Group Ltd
CRCUF,Canagold Resources Ltd.
ATRA,"Atara Biotherapeutics, Inc."
IDN,"Intellicheck, Inc."
ODYS,Odysight.ai Inc.
LINK,INTERLINK ELECTRONICS INC
GAMB,Gambling.com Group Ltd
STIM,"Neuronetics, Inc."
SERA,"SERA PROGNOSTICS, INC."
EXOZ,EXOZYMES INC.
AEC,ANFIELD ENERGY INC.
DTCX,"Datacentrex, Inc."
WETO,Wetour Robotics Ltd
FSI,FLEXIBLE SOLUTIONS INTERNATIONAL INC
MAYS,MAYS J W INC
CLNN,Clene Inc.
RRGB,RED ROBIN GOURMET BURGERS INC
SOTK,SONO TEK CORP
IH,iHuman Inc.
CSBR,"CHAMPIONS ONCOLOGY, INC."
BEEP,Mobile Infrastructure Corp
IMTCF,Intrepid Metals Corp.
ZKIN,"ZK International Group Co., Ltd."
FTCI,"FTC Solar, Inc."
OM,"Outset Medical, Inc."
CPHC,Canterbury Park Holding Corp
OZVN,OZ VISION INC.
CUE,"Cue Biopharma, Inc."
NCTY,The9 LTD
MAIA,"MAIA Biotechnology, Inc."
CTOR,"CITIUS ONCOLOGY, INC."
BTCS,BTCS Inc.
MHH,"Mastech Digital, Inc."
OPTT,"Ocean Power Technologies, Inc."
WRAP,"WRAP TECHNOLOGIES, INC."
LSE,"Leishen Energy Holding Co., Ltd."
OSTX,OS Therapies Inc
RLYB,Rallybio Corp
GANX,"Gain Therapeutics, Inc."
ACET,"Adicet Bio, Inc."
CBAT,"CBAK Energy Technology, Inc."
CTM,"Castellum, Inc."
XPL,SOLITARIO RESOURCES CORP.
PLRX,"PLIANT THERAPEUTICS, INC."
SGMO,"SANGAMO THERAPEUTICS, INC"
BARK,"Bark, Inc."
VCUFF,Vizsla Copper Corp.
KNDI,"Kandi Technologies Group, Inc."
PLCE,"Childrens Place, Inc."
UFI,UNIFI INC
AVD,AMERICAN VANGUARD CORP
RSSS,"Research Solutions, Inc."
VIVO,VivoPower PLC
LGCL,Lucas GC Ltd
SLNG,"Stabilis Solutions, Inc."
SRCRF,Scorpio Gold Corp
NTIC,NORTHERN TECHNOLOGIES INTERNATIONAL CORP
RTGN,RetinalGenix Technologies Inc.
VNJA,VANJIA CORP
TISI,TEAM INC
VIDA,VIDA Global Inc.
SKBL,Skyline Builders Group Holding Ltd
BRKCF,BARKSDALE RESOURCES CORP.
AASP,Agassi Sports Entertainment Corp.
RGS,REGIS CORP
MCRB,"Seres Therapeutics, Inc."
AGPU,Axe Compute Inc.
LNSR,"LENSAR, Inc."
XBIT,XBiotech Inc.
SFWL,SHENGFENG DEVELOPMENT Ltd
RMXI,"RMX INDUSTRIES, INC."
LMED,LataMed AI Corp.
ECOR,"electroCore, Inc."
ACRV,"Acrivon Therapeutics, Inc."
MDIA,Mediaco Holding Inc.
XTIA,"XTI Aerospace, Inc."
BLNC,"Balance Labs, Inc."
MCHX,MARCHEX INC
BRID,BRIDGFORD FOODS CORP
CUAUF,C3 Metals Inc.
SYPR,SYPRIS SOLUTIONS INC
WWR,"WESTWATER RESOURCES, INC."
TINFF,Tincorp Metals Inc.
FLNT,"Fluent, Inc."
SRXH,"SRx Health Solutions, Inc."
ACRG,"American Clean Resources Group, Inc."
HAIN,HAIN CELESTIAL GROUP INC
TCRX,"TScan Therapeutics, Inc."
HOUR,"Hour Loop, Inc"
LRDC,"Laredo Oil, Inc."
SYHBF,SKYHARBOUR RESOURCES LTD
FLNA,"FILANA THERAPEUTICS, INC."
BTMD,biote Corp.
NRRSF,Norsemont Mining Inc.
GENK,"GEN Restaurant Group, Inc."
EDRY,EuroDry Ltd.
MNOV,MEDICINOVA INC
CSTE,Caesarstone Ltd.
LOOP,"Loop Industries, Inc."
TOUR,Tuniu Corp
NDLS,NOODLES & Co
MIND,"MIND TECHNOLOGY, INC"
ELBM,Electra Battery Materials Corp
BSEM,BIOSTEM TECHNOLOGIES
THMG,THUNDER MOUNTAIN GOLD INC
TJGC,TJGC GROUP Ltd
LUNG,Pulmonx Corp
MERC,MERCER INTERNATIONAL INC.
CVU,CPI AEROSTRUCTURES INC
IZEA,"IZEA Worldwide, Inc."
SORA,AsiaStrategy
PMVP,"PMV Pharmaceuticals, Inc."
IMA,"ImageneBio, Inc."
OMEX,ODYSSEY MARINE EXPLORATION INC
ZTEK,Zentek Ltd.
BYSI,BeyondSpring Inc.
JXG,JX Luxventure Group Inc.
UMEW,UMeWorld Inc.
SNT,Senstar Technologies Corp
VIOT,"Viomi Technology Co., Ltd"
BDL,FLANIGANS ENTERPRISES INC
JDZG,JIADE Ltd
AEI,Alset Inc.
STKS,"ONE Group Hospitality, Inc."
UAVS,AgEagle Aerial Systems Inc.
PYYX,"PYXUS INTERNATIONAL, INC."
PDSB,PDS Biotechnology Corp
DCGO,DocGo Inc.
OTH,OFF THE HOOK YS INC.
CATO,CATO CORP
POSC,POSITRON CORP
SPCB,SuperCom Ltd
DRYGF,Dryden Gold Corp.
HANNF,Hannan Metals Ltd.
ROLR,"High Roller Technologies, Inc."
ENTX,Entera Bio Ltd.
FNUC,Frontier Nuclear & Minerals Inc.
BGM,BGM Group Ltd.
GAIA,"GAIA, INC"
FRMM,FORUM MARKETS Inc
PN,Skycorp Solar Group Ltd
WAMFF,Alaska Silver Corp.
DXR,DAXOR CORP
BHIC,"BioScience Health Innovations, Inc."
SQNS,SEQUANS COMMUNICATIONS
WTHVF,Westhaven Gold Corp.
AUXXF,A2 Gold Corp.
DWTX,"Dogwood Therapeutics, Inc."
SELF,"Global Self Storage, Inc."
THCH,TH International Ltd
NOMA,Nomadar Corp.
SGA,SAGA COMMUNICATIONS INC
MDNC,Medinotec Inc.
FATN,Fatpipe Inc/UT
SDM,Smart Digital Group Ltd
YIBO,Planet Image International Ltd
PPSI,"PIONEER POWER SOLUTIONS, INC."
APWC,ASIA PACIFIC WIRE & CABLE CORP LTD
ELTK,ELTEK LTD
GPGCF,Great Pacific Gold Corp.
SJ,Scienjoy Holding Corp
VHC,VirnetX Holding Corp
ICG,Intchains Group Ltd
NCEW,New Century Logistics (BVI) Ltd
RYM,"RYTHM, Inc."
INLF,INLIF Ltd
BDCO,BLUE DOLPHIN ENERGY CO
HIT,"Health In Tech, Inc."
SMOFF,Sonoro Gold Corp.
ALAR,Alarum Technologies Ltd.
ITMSF,INTERMAP TECHNOLOGIES CORP
BGSF,"BGSF, INC."
YOUL,Youlife Group Inc.
IBO,IMPACT BIOMEDICAL INC.
SOGP,Sound Group Inc.
HYPD,"HYPERION DEFI, INC."
PGZFF,Pan Global Resources Inc.
KANP,KAANAPALI LAND LLC
ARSMF,ARES STRATEGIC MINING INC.
DSWL,DESWELL INDUSTRIES INC
STKE,SOL Strategies Inc.
YTRA,"Yatra Online, Inc."
DRIO,DarioHealth Corp.
QXL,QUANTUM X LABS INC.
TIL,"Instil Bio, Inc."
AIOS,AIOS Tech Inc.
ESGH,ESG Inc.
POCI,"PRECISION OPTICS CORPORATION, INC."
RCON,"Recon Technology, Ltd"
ARBK,Argo Blockchain Plc
NTWK,NETSOL TECHNOLOGIES INC
SCYX,SCYNEXIS INC
LVPA,LVPAI GROUP Ltd
CPPMF,Coppernico Metals Inc.
VIPRF,SILVER VIPER MINERALS CORP.
XCH,XCHG Ltd
SPRU,SPRUCE POWER HOLDING CORP
VNCE,VINCE HOLDING CORP.
TKRFF,TINKA RESOURCES Ltd
MREO,Mereo BioPharma Group plc
AMSS,AMASS BRANDS
NPRFF,Nepra Foods Inc.
CNVS,Cineverse Corp.
HCMC,Healthier Choices Management Corp.
SRTS,"Sensus Healthcare, Inc."
DDC,DDC Enterprise Ltd
AVX,AVAX ONE TECHNOLOGY LTD.
EUBG,ENTREPRENEUR UNIVERSE BRIGHT GROUP
SODI,SOLITRON DEVICES INC
INKT,"MiNK Therapeutics, Inc."
ELRE,Yinfu Gold Corp.
MHUBF,MineHub Technologies Inc.
HTCO,High-Trend International Group
FNGR,"FingerMotion, Inc."
LITB,"LightInTheBox Holding Co., Ltd."
BOF,BranchOut Food Inc.
HYOR,HyOrc Corp
MGX,"Metagenomi Therapeutics, Inc."
RDEXF,RPX Gold Inc.
UEIC,UNIVERSAL ELECTRONICS INC
USEG,US ENERGY CORP
XHG,XChange TEC.INC
KUBR,Kuber Resources Corp
AACG,ATA Creativity Global
EQTRF,Altamira Gold Corp.
EHTH,"eHealth, Inc."
AGIG,"ABUNDIA GLOBAL IMPACT GROUP, INC."
QSEP,"QS Energy, Inc."
NRRWF,Nuran Wireless Inc.
XLO,"Xilio Therapeutics, Inc."
IDXG,"INTERPACE BIOSCIENCES, INC."
FIEE,"FiEE, Inc."
KCCFF,Kutcho Copper Corp.
INCR,Intercure Ltd.
REVFF,Gitennes Exploration Inc.
MGLD,"Marygold Companies, Inc."
ENGS,Energys Group Ltd
RTB,"RTB Digital, Inc."
OTLK,"Outlook Therapeutics, Inc."
RNGE,"RANGE IMPACT, INC."
BIOF,"BLUE BIOFUELS, INC."
WAVE,Eco Wave Power Global AB (publ)
AURX,"Nuo Therapeutics, Inc."
RGCCF,Relevant Gold Corp.
SRLZF,Salazar Resources Ltd
YI,"111, Inc."
PFAI,Pinnacle Food Group Ltd
SPND,SPINDLETOP OIL & GAS CO
MOVE,"Corvex, Inc."
DCX,Digital Currency X Technology Inc.
USREF,Tactical Resources Corp.
MATH,Metalpha Technology Holding Ltd
ETST,"Earth Science Tech, Inc."
KRFG,"King Resources, Inc."
RYOJ,"rYojbaba Co., Ltd."
INDO,Indonesia Energy Corp Ltd
PYRGF,PyroGenesis Canada Inc.
JAGU,Jaguar Uranium Corp.
AZASF,Arizona Gold & Silver Inc.
TACT,TRANSACT TECHNOLOGIES INC
GLXZ,"Galaxy Gaming, Inc."
ACFN,"ACORN ENERGY, INC."
FSTJ,First America Resources Corp
GNS,Genius Group Ltd
KMRK,K-TECH SOLUTIONS CO LTD
PRPO,"Precipio, Inc."
GSIW,Garden Stage Ltd
TRGEF,Targa Exploration Corp.
CRSF,Crisp Momentum Inc.
MAMO,Massimo Group
TOON,"Kartoon Studios, Inc."
WYGC,Wenyuan Group Corp.
DUO,Fangdd Network Group Ltd.
CVV,CVD EQUIPMENT CORP
JFU,9F Inc.
ATVK,"Globaltek Ventures, Inc."
RKHNF,ROCKHAVEN RESOURCES LTD
MIRA,"MIRA PHARMACEUTICALS, INC."
ZYBT,Zhengye Biotechnology Holding Ltd
LEEEF,Leef Brands Inc.
LISMF,LITHIUM SOUTH DEVELOPMENT Corp
KALA,"KALA BIO, Inc."
VASO,VASO Corp
SCWO,374Water Inc.
KOSS,KOSS CORP
TPCS,TECHPRECISION CORP
BGDE,"Big Digital Energy, Inc."
INIS,RADNOSTIX INC
BZDLF,KINCORA COPPER LTD
STI,Solidion Technology Inc.
ISTKF,Intellistake Technologies Corp.
NAAS,NaaS Technology Inc.
JG,Aurora Mobile Ltd
STG,Sunlands Technology Group
BATL,BATTALION OIL CORP
QZMRF,QUARTZ MOUNTAIN RESOURCES LTD
FOFA,"FAMILY OFFICE OF AMERICA, INC."
NSYS,NORTECH SYSTEMS INC
SAGGF,Sterling Metals Corp.
PHNMF,Phenom Resources Corp.
NSFDF,NXT Energy Solutions Inc.
LITS,"Lite Strategy, Inc."
DGNX,Diginex Ltd
SDEV,Stablecoin Development Corp
ZBAO,Zhibao Technology Inc.
MAUUF,AERO ENERGY Ltd
KTCC,KEY TRONIC CORP
ATCMF,ATICO MINING Corp
RYET,Ruanyun Edai Technology Inc.
RDGL,VIVOS INC
NTIP,"NETWORK-1 TECHNOLOGIES, INC."
JZ,Jianzhi Education Technology Group Co Ltd
SOWG,Sow Good Inc.
WSTRF,Western Uranium & Vanadium Corp.
AHMA,AMBITIONS ENTERPRISE MANAGEMENT CO. L.L.C
RSRV,RESERVE PETROLEUM CO
ZTG,Zenta Group Co Ltd
KDKGF,KLONDIKE GOLD CORP /FI
AZZTF,Aztec Minerals Corp.
ABVC,"ABVC BIOPHARMA, INC."
TAOX,TAO Synergies Inc.
LASE,Laser Photonics Corp
EVTV,"Envirotech Vehicles, Inc."
VIPZ,"VIP Play, Inc."
STLNF,Stallion Uranium Corp.
HLP,Hongli Group Inc.
CDIX,Cardiff Lexington Corp
VPLM,Voip-pal.com Inc
JSDA,JONES SODA CO.
UG,UNITED GUARDIAN INC
SMXT,"SolarMax Technology, Inc."
LIVE,LIVE VENTURES Inc
EMGDF,Eminent Gold Corp.
IBATF,INTERNATIONAL BATTERY METALS LTD.
GUER,"Guerrilla RF, Inc."
PTLE,PTL Ltd
EHSI,Elite Health Systems Inc.
MPU,Mega Matrix Inc
QCLS,"Q/C TECHNOLOGIES, INC."
BMR,Beamr Imaging Ltd.
WIMI,WiMi Hologram Cloud Inc.
KLNG,"Koil Energy Solutions, Inc."
NAMI,Jinxin Technology Holding Co
NRDE,NU RIDE INC.
RITE,MINERALRITE Corp
SSGC,SafeSpace Global Corp
KNGRF,Kingsmen Resources Ltd.
AAUAF,ALMADEN MINERALS LTD
USGDF,AMERICAN PACIFIC MINING CORP
PLRZ,Polyrizon Ltd.
PLSM,Pulsenmore Ltd.
PRKR,PARKERVISION INC
ZLME,Zhanling International Ltd
CRVW,CareView Communications Inc
AVAI,"AVAI BIO, INC."
PVCT,"PROVECTUS BIOPHARMACEUTICALS, INC."
NPT,Texxon Holding Ltd
HWAUF,Headwater Gold Inc.
SRGZ,Star Gold Corp.
CNTM,"ConnectM Technology Solutions, Inc."
CGDXF,XALI GOLD CORP.
DYNR,"DYNARESOURCE, INC."
AAPI,"Apple iSports Group, Inc."
YSXT,"YSX Tech Co., Ltd"
NEON,Neonode Inc.
GRDX,GridAI Technologies Corp.
INLX,"INTELLINETICS, INC."
EPOW,E-Power Inc.
LDDD,Longduoduo Co Ltd
NTZ,NATUZZI S P A
CBLO,"C2 Blockchain, Inc."
COHN,Cohen & Co Inc.
PRKA,"PARKS AMERICA, INC"
CLPS,CLPS Inc
AWRE,AWARE INC /MA/
YMAT,"J-Star Holding Co., Ltd."
BBGI,BEASLEY BROADCAST GROUP INC
BONXF,BONTERRA RESOURCES INC.
SFRX,SEAFARER EXPLORATION CORP
PBMLF,Pacific Booker Minerals Inc.
ELSE,ELECTRO SENSORS INC
POWMF,Power Metal Resources PLC
OTLC,"Oncotelic Therapeutics, Inc."
GRLMF,GreenLight Metals Inc.
MODD,"Modular Medical, Inc."
REFR,RESEARCH FRONTIERS INC
AIFF,"FIREFLY NEUROSCIENCE, INC."
RLBY,RELIABILITY INC
ILAL,International Land Alliance Inc.
FABC,"Fabric.AI, Inc."
APAAF,Appia Rare Earths & Uranium Corp.
TRGXF,Terra Rossa Gold Ltd.
SVBL,"SILVER BULL RESOURCES, INC."
FDCT,"FDCTECH, INC."
SPPL,SIMPPLE LTD.
JL,J-Long Group Ltd
ATMH,"ALL THINGS MOBILE ANALYTIC, INC."
YQ,17 Education & Technology Group Inc.
CTGL,SKYTECH ORION GLOBAL CORP.
PLUR,Pluri Inc.
IRVRF,Irving Resources Inc.
JVA,COFFEE HOLDING CO INC
VSA,VisionSys AI Inc
HRGN,"Harvard Apparatus Regenerative Technology, Inc."
EFOI,"ENERGY FOCUS, INC/DE"
TXMD,"TherapeuticsMD, Inc."
FEDU,Four Seasons Education (Cayman) Inc.
WBSR,Webstar Technology Group Inc.
VNTG,Vantage Corp (Singapore)
RSGLF,Rocky Shore Gold Ltd.
NHTC,NATURAL HEALTH TRENDS CORP
NZERF,New Zealand Energy Corp.
MTTAF,Meta Critical Minerals Inc.
TTIPF,"Thiogenesis Therapeutics, Corp."
SFCX,SUPA Consolidated Inc.
SVRN,OceanPal Inc.
SPMEF,South Pacific Metals Corp.
ARKR,ARK RESTAURANTS CORP
AGAE,"All In FutureTech Alliance, Inc."
BLTH,"AMERICAN BATTERY MATERIALS, INC."
MILIF,Military Metals Corp.
CHEV,Charging Robotics Inc.
KARX,Karbon-X Corp.
HLRTF,Hillcrest Energy Technologies Ltd.
SLGB,Smart Logistics Global Ltd
TWOSF,T2 Metals Corp.
KNRX,KNOREX LTD.
VCGMF,Visionary Copper & Gold Mines Inc.
JGLDF,Japan Gold Corp.
UUU,"UNIVERSAL SAFETY PRODUCTS, INC."
TRSG,Tungray Technologies Inc
AAQL,Antiaging Quantum Living Inc.
STCB,"Starco Brands, Inc."
CVM,CEL SCI CORP
RVP,RETRACTABLE TECHNOLOGIES INC
TIGCF,Triumph Gold Corp.
TBTC,TABLE TRAC INC
FENG,Phoenix New Media Ltd
GEDC,"CalEthos, Inc."
LSH,Lakeside Holding Ltd
AWHL,Aspira Women's Health Inc.
HHS,HARTE HANKS INC
ALGRF,KENADYR METALS CORP
PDC,Perpetuals.com Ltd
EQS,"EQUUS TOTAL RETURN, INC."
FAMI,"Farmmi, Inc."
PASW,"Ping An Biomedical Co., Ltd."
OHCFF,Light AI Inc.
GRTX,"Galera Therapeutics, Inc."
CPOP,"Pop Culture Group Co., Ltd"
TLF,TANDY LEATHER FACTORY INC
OMH,Ohmyhome Ltd
STAK,STAK Inc.
NNUP,NOCOPI TECHNOLOGIES INC/MD/
PAYD,PAID INC
IEGCF,Independence Gold Corp.
NEWH,"NewHydrogen, Inc."
TRUFF,Red Light Holland Corp.
RMCF,"Rocky Mountain Chocolate Factory, Inc."
TARSF,Silver North Resources Ltd.
LEDS,SemiLEDs Corp
AUID,authID Inc.
MSGM,Motorsport Games Inc.
SGRP,"SPAR Group, Inc."
WETH,Wetouch Technology Inc.
OPTH,Optimi Health Corp.
WNDW,"SolarWindow Technologies, Inc."
GTHP,GUIDED THERAPEUTICS INC
YAAS,Youxin Technology Ltd
APUS,"Apimeds Pharmaceuticals US, Inc."
CTRM,Castor Maritime Inc.
TMDE,TMD Energy Ltd
YHC,LQR House Inc.
RDGMF,Ridgeline Minerals Corp
LRE,"LEAD REAL ESTATE CO., LTD"
GPMTF,GPM Metals Inc.
SAGT,SAGTEC GLOBAL Ltd
CNEY,CN ENERGY GROUP. INC.
AUST,Austin Gold Corp.
ZJYL,Jin Medical International Ltd.
LICN,Lichen International Ltd
REBN,"Reborn Coffee, Inc."
AIJTY,Jianpu Technology Inc.
XERI,"XERIANT, INC."
UPYY,UPAY
SOS,SOS Ltd
VAUCF,Viva Gold Corp.
EPSM,Epsium Enterprise Ltd
NCEL,NewcelX Ltd.
XCUR,"EXICURE, INC."
ABCP,AmBase Corp
COGDF,Compass Gold Corp
MOGU,MOGU Inc.
ZDAI,"DirectBooking Technology Co., Ltd."
KLGDF,Kalo Gold Corp.
MDWK,"MDWerks, Inc."
CLOQ,"CYBERLOQ TECHNOLOGIES, INC."
MDRR,"Medalist Diversified, Inc."
HYEX,HEALTHY EXTRACTS INC.
BKUCF,BLUE SKY URANIUM CORP.
KPEA,Kun Peng International Ltd.
LPSIF,LEGEND POWER SYSTEMS INC.
AIXN,"AiXin Life International, Inc."
NOWG,Nowigence Inc.
HCAI,"Huachen AI Parking Management Technology Holding Co., Ltd"
BGAVF,Bravada Gold Corp
GIGM,GIGAMEDIA Ltd
NRIS,"Norris Industries, Inc."
NAII,NATURAL ALTERNATIVES INTERNATIONAL INC
RYES,Rise Gold Corp.
SKKY,"Skkynet Cloud Systems, Inc."
FRECF,Frequency Exchange Corp.
LILIF,Argentina Lithium & Energy Corp.
NTCL,NetClass Technology Inc
LGPS,LOGPROSTYLE INC.
YTFD,"Yale Transaction Finders, Inc."
BRN,BARNWELL INDUSTRIES INC
EDTK,Skillful Craftsman Education Technology Ltd
CNTMF,Fluent Corp.
IAALF,IBC Advanced Alloys Corp.
UEEC,"United Health Products, Inc."
PCMC,PUBLIC CO MANAGEMENT CORP
DOGZ,Dogness (International) Corp
RYOOF,Rio Silver Inc.
SLAI,SOLAI Ltd
STSBF,South Star Battery Metals Corp.
INTJ,Intelligent Group Ltd
GMVMF,GMV Minerals Inc.
HUDI,"Huadi International Group Co., Ltd."
PRZO,ParaZero Technologies Ltd.
AUSI,AURA SYSTEMS INC
MMA,MIXED MARTIAL ARTS GROUP LTD
ZEOX,"Zeo ScientifiX, Inc."
AIRI,AIR INDUSTRIES GROUP
APHP,American Picture House Corp
POM,POMDOCTOR Ltd
CGDCF,Carlin Gold Corp
ENDMF,Enduro Metals Corp.
LRRIF,Lion Rock Resources Inc.
ONEG,OneConstruction Group Ltd
ALTUF,Altura Energy Corp.
TWOH,Two Hands Corp
BTOC,Armlogi Holding Corp.
CISO,"CISO Global, Inc."
NWGL,CL Workshop Group Ltd
CMBMF,Cambium Networks Corp
GNTA,Genenta Science S.p.A.
ARTW,ARTS WAY MANUFACTURING CO INC
AVNI,ARVANA INC
BHSIF,BAYHORSE SILVER INC.
TDIC,Dreamland Ltd
FOFO,"Hang Feng Technology Innovation Co., Ltd."
BNKK,"BONK, INC."
NGLD,Nevada Canyon Gold Corp.
GDTC,CytoMed Therapeutics Ltd
SEED,Origin Agritech LTD
AQMS,"Aqua Metals, Inc."
HOTH,"Hoth Therapeutics, Inc."
GTIM,Good Times Restaurants Inc.
MYND,"Mynd.ai, Inc."
MTWO,"M2i Global, Inc."
BGI,BIRKS GROUP INC.
MBAI,Check-Cap Ltd
INTI,"Inhibitor Therapeutics, Inc."
TRIB,TRINITY BIOTECH PLC
BBBMF,Lux Metals Corp.
BON,Bon Natural Life Ltd
NIOMF,First American Uranium Inc.
VERTF,Vertiqal Studios Corp.
TURB,"Turbo Energy, S.A."
OCLN,"ORIGINCLEAR, INC."
AIXI,Xiao-I Corp
DKI,DarkIris Inc.
ATER,"Aterian, Inc."
HKPD,"Cellyan Biotechnology Co., Ltd"
TAOP,Taoping Inc.
MGNC,Mag Magna Corp
AKAN,AKANDA CORP.
EDUC,EDUCATIONAL DEVELOPMENT CORP
GEBRF,Greenbriar Sustainable Living Inc.
NIMU,NON INVASIVE MONITORING SYSTEMS INC /FL/
NYMXF,NYMOX PHARMACEUTICAL CORP
YYAI,AIRWA INC.
TPET,Trio Petroleum Corp
IVDN,INNOVATIVE DESIGNS INC
RWAX,"TAP REAL ESTATE TECHNOLOGIES, INC."
AWLIF,Ameriwest Critical Metals Inc.
ELECF,Electric Royalties Ltd.
SELX,Semilux International Ltd.
BTTC,Black Titan Corp
BICX,BioCorRx Inc.
BNET,BION ENVIRONMENTAL TECHNOLOGIES INC
VNOV,VitaNova Life Sciences Corp
SKYQ,Sky Quarry Inc.
XWEL,"XWELL, Inc."
CMHSF,COMPREHENSIVE HEALTHCARE SYSTEMS INC. (CANADA)
FXBY,FOXBY CORP.
REE,REE Automotive Ltd.
SBDS,"Solo Brands, Inc."
BANL,CBL International Ltd
JPOTF,Jackpot Digital Inc.
CCOOF,CORE SILVER CORP.
RGNT,REGENTIS BIOMATERIALS LTD.
RSMXF,Regency Silver Corp.
OBAI,"Our Bond, Inc."
RPGL,Republic Power Group Ltd
BMGL,Basel Medical Group Ltd
CETI,"Cyber Enviro-Tech, Inc."
ZSTK,ZeroStack Corp.
BTCT,BTC Digital Ltd.
RAY,Raytech Holding Ltd
MTEX,MANNATECH INC
VCIG,VCI Global Ltd
FTRK,Fast Track Group
LABT,Lakewood-Amedex Biotherapeutics Inc.
GARWF,Golden Arrow Resources Corp
MRAI,"Marpai, Inc."
CRCW,Crypto Co
CABR,"Caring Brands, Inc."
WLFFF,Wolfden Resources Corp
CREG,Smart Powerr Corp.
CLNV,Clean Vision Corp
SNTW,Summit Networks Inc.
FWFW,"FLYWHEEL ADVANCED TECHNOLOGY, INC."
HTOO,Fusion Fuel Green PLC
REDRF,RED CANYON RESOURCES LTD.
ELOG,Eastern International Ltd.
MMTIF,MICROMEM TECHNOLOGIES INC
OST,"Ostin Technology Group Co., Ltd."
HNOI,"HNO International, Inc."
GRAPF,First Canadian Graphite Inc.
ADIA,"Adia Nutrition, Inc."
LOBO,LOBO TECHNOLOGIES LTD.
JUNS,"JUPITER NEUROSCIENCES, INC."
AHNRF,ATHENA GOLD CORP
APYP,"APPYEA, INC"
ZCRMF,ZINCORE METALS INC
LHSW,Lianhe Sowell International Group Ltd
VSBGF,VSBLTY GROUPE TECHNOLOGIES CORP.
ALRTF,ALR Technologies SG Ltd.
LNAI,Lunai Bioworks Inc.
QURT,"Quarta-Rad, Inc."
TRBMF,TORQ RESOURCES INC.
MSN,EMERSON RADIO CORP
MOJO,EQUATOR Beverage Co
GCDT,Green Circle Decarbonize Technology Ltd
MGRX,"MANGOCEUTICALS, INC."
CVR,CHICAGO RIVET & MACHINE CO
GMM,Global Mofy AI Ltd
CURX,Curanex Pharmaceuticals Inc
FTSP,"FinTrade Sherpa, Inc."
ADTI,"Adapti, Inc."
ETS,Elite Express Holding Inc.
MRM,Medirom Healthcare Technologies Inc.
FCCI,"FAST CASUAL CONCEPTS, INC."
AMST,Amesite Inc.
SCND,SCIENTIFIC INDUSTRIES INC
OBULF,One Bullion Ltd
DTSS,Datasea Intelligent Technology Ltd.
CETY,"Clean Energy Technologies, Inc."
ORESF,Orestone Mining Corp.
DQWS,DSwiss Inc
THURF,Thunderstruck Resources Ltd.
QHUOY,QUHUO Ltd
VRSSF,Verses AI Inc.
PURE,"PURE BIOSCIENCE, INC."
CVAT,"Cavitation Technologies, Inc."
MIMI,Mint Inc Ltd
YHGJ,YUNHONG GREEN CTI LTD.
WFF,WF Holding Ltd
CLRO,CLEARONE INC
SUND,"Sundance Strategies, Inc."
CWD,CaliberCos Inc.
ADXN,Addex Therapeutics Ltd.
KWIK,"KwikClick, Inc."
PMCB,"PharmaCyte Biotech, Inc."
APMCF,MORIEN RESOURCES CORP.
MCUJF,MEDICURE INC
VRME,"VerifyMe, Inc."
CYAB,"CYABRA, INC."
TKLF,"Tokyo Lifestyle Co., Ltd."
NCNA,NuCana plc
AUUD,AUDDIA INC.
YJ,Yunji Inc.
SRRE,SUNRISE REAL ESTATE GROUP INC
SDCH,"SideChannel, Inc."
NROM,NOBLE ROMANS INC
ROYL,"Royale Energy, Inc."
RETO,"ReTo Eco-Solutions, Inc."
URZEF,URZ3 ENERGY CORP.
GNPX,"Genprex, Inc."
ENVB,"Enveric Biosciences, Inc."
NCL,Northann Corp.
CPIVF,CAPTIVA VERDE WELLNESS CORP.
YMT,Yimutian Inc.
TGHL,GrowHub Ltd
EUEMF,European Energy Metals Corp.
JCTC,JEWETT CAMERON TRADING CO LTD
KTEL,"KonaTel, Inc."
ANY,Sphere 3D Corp.
SYNX,Silynxcom Ltd.
VYND,"Vynleads, Inc."
LTUM,Lithium Corp
GLE,Global Engine Group Holding Ltd
USAQ,"QHSLab, Inc."
ILAG,Intelligent Living Application Group Inc.
HWH,HWH International Inc.
FBGL,FBS Global Ltd
CEIN,"CAMBER ENERGY, INC."
FCHDF,Fairchild Gold Corp.
NVGLF,NV Gold Corp
BETRF,BetterLife Pharma Inc.
HAMRF,SILVER HAMMER MINING CORP
POLA,"Polar Power, Inc."
BMRA,BIOMERICA INC
LTHIF,InZinc Mining Ltd.
GWTI,"GREENWAY TECHNOLOGIES, INC. & SUBSIDIARIES"
NVNO,enVVeno Medical Corp
SXTC,"China SXT Pharmaceuticals, Inc."
TRRFF,TRIFECTA GOLD LTD
BRGX,"BIOREGENX, INC."
RBNE,Robin Energy Ltd.
WAFU,Wah Fu Education Group Ltd
BVAXF,BioVaxys Technology Corp.
BCUFF,Bell Copper Corp
IFBD,"Infobird Co., Ltd"
IMIMF,Interra Copper Corp.
GPOX,"GPO Plus, Inc."
HCWC,HEALTHY CHOICE WELLNESS CORP.
IPDN,"Professional Diversity Network, Inc."
GLNS,Golden Star Resource Corp.
HWNI,"HIGH WIRE NETWORKS, INC."
FTFT,Future FinTech Group Inc.
XBIO,"Xenetic Biosciences, Inc."
SYBX,"SYNLOGIC, INC."
PUBC,Purebase Corp
DXYN,DIXIE GROUP INC
AZI,Autozi Internet Technology (Global) Ltd.
HLYK,HealthLynked Corp
OFAL,OFA Group
APM,Aptorum Group Ltd
BCAB,"BioAtla, Inc."
PCSA,"Processa Pharmaceuticals, Inc."
AGRZ,Agroz Inc.
TGL,TREASURE GLOBAL INC
BRQL,DYNAMIC AEROSPACE SYSTEMS Corp
BIYA,Baiya International Group Inc.
SCKT,"SOCKET MOBILE, INC."
TRCK,"Track Group, Inc."
IONI,I-ON Digital Corp.
SKAS,"Saker Aviation Services, Inc."
VSTD,Vestand Inc.
FMFC,Kandal M Venture Ltd
DSNY,DESTINY MEDIA TECHNOLOGIES INC
GDC,GD Culture Group Ltd
MSGY,Masonglory Ltd
NMEX,NORTHERN MINERALS & EXPLORATION LTD.
SILO,"Silo Pharma, Inc."
HKIT,HiTek Global Inc.
MAXNQ,"Maxeon Solar Technologies, Ltd."
TGNT,"Totaligent, Inc."
HGYN,HONG YUAN HOLDING GROUP
MTEN,Mingteng International Corp Inc.
DBGI,"Digital Brands Group, Inc."
ALDS,APPlife Digital Solutions Inc
ADVB,Advanced Biomed Inc.
SONM,"DNA X, Inc."
SMTK,"SmartKem, Inc."
JYD,Jayud Global Logistics Ltd
CENN,Cenntro Inc.
GITS,"Global Interactive Technologies, Inc."
MHUAF,"Meihua International Medical Technologies Co., Ltd."
ORKT,ORANGEKLOUD TECHNOLOGY INC.
INBS,INTELLIGENT BIO SOLUTIONS INC.
AITX,Artificial Intelligence Technology Solutions Inc.
UBXG,U-BX Technology Ltd.
GURE,"GULF RESOURCES, INC."
SPST,Superstar Platforms Inc.
MVNC,Marvion Inc.
ADMQ,"ADM ENDEAVORS, INC."
UUUFF,Recharge Resources Ltd.
AERA,AI Era Corp.
MITQ,MOVING iMAGE TECHNOLOGIES INC.
HWKE,"Hawkeye Systems, Inc."
XPON,Expion360 Inc.
LCTC,"Lifeloc Technologies, Inc"
PLCKF,Plurilock Security Inc.
TCRT,"Alaunos Therapeutics, Inc."
CLGN,CollPlant Biotechnologies Ltd
OLOX,OLENOX INDUSTRIES INC.
NBLXF,Noble Plains Uranium Corp.
CAPC,"CAPSTONE COMPANIES, INC."
CVSI,"CV Sciences, Inc."
SYRA,Syra Health Corp
GLXG,Galaxy Payroll Group Ltd
GLGI,"GREYSTONE LOGISTICS, INC."
WBUY,WEBUY GLOBAL LTD
TCRI,"TechCom, Inc."
INM,InMed Pharmaceuticals Inc.
MEGL,Magic Empire Global Ltd
VIVK,"Vivakor, Inc."
SSM,Sono Group N.V.
FEED,"ENvue Medical, Inc."
XTLB,XTL BIOPHARMACEUTICALS LTD
BASA,"BASANITE, INC."
UGRO,"urban-gro, Inc."
ZCMD,Zhongchao Inc.
ZONE,"CleanCore Solutions, Inc."
BLIS,"NAPC Defense, Inc."
MNDR,Mobile-health Network Solutions
TOPS,TOP SHIPS INC.
GP,GREENPOWER MOTOR Co INC.
AIHS,Senmiao Technology Ltd
ADMT,"ADM TRONICS UNLIMITED, INC."
WAST,WASTE ENERGY CORP.
TRLEF,Trillion Energy International Inc.
QWTR,"Quest Water Global, Inc."
JWEL,Jowell Global Ltd.
VS,Versus Systems Inc.
RDHL,RedHill Biopharma Ltd.
FASLF,First Andes Silver Ltd.
ZPHYF,ZEPHYR MINERALS LTD.
KIQSF,KELSO TECHNOLOGIES INC
IOTR,iOThree Ltd
BGLC,BioNexus Gene Lab Corp
RNAZ,"Transcode Therapeutics, Inc."
NCRA,"NOCERA, INC."
TWAV,"TaoWeave, Inc."
BUDZ,"WEED, INC."
CHNR,CHINA NATURAL RESOURCES INC
SUNE,"SUNation Energy, Inc."
LUDG,"LUDWIG ENTERPRISES, INC."
AQB,AQUABOUNTY TECHNOLOGIES INC
AETN,"AETERNUM HEALTH, INC."
CLEV,Concrete Leveling Systems Inc
PULM,"Pulmatrix, Inc."
DROR,"Dror Ortho-Design, Inc."
ISPC,iSpecimen Inc.
AVPMF,AVRUPA MINERALS LTD.
BRQSF,"Borqs Technologies, Inc."
SPTY,"SPECIFICITY, INC."
CIIT,"Tianci International, Inc."
WXM,WF International Ltd.
MBIO,"MUSTANG BIO, INC."
GGLXF,GGL RESOURCES CORP.
PMAX,Powell Max Ltd
CNFN,CFN Enterprises Inc.
PMHS,"Polomar Health Services, Inc."
CRE,Cre8 Enterprise Ltd
GELS,Gelteq Ltd
HTCR,"HeartCore Enterprises, Inc."
NCT,Intercont (Cayman) Ltd
WNW,Meiwu Technology Co Ltd
YDKG,Yueda Digital Holding
EDHL,Everbright Digital Holding Ltd.
ASTC,ASTROTECH Corp
CJMB,CALLAN JMB INC.
PRSI,PORTSMOUTH SQUARE INC
IZM,ICZOOM Group Inc.
ALBT,Avalon GloboCare Corp.
WAI,Top KingWin Ltd
ACUT,Accustem Sciences Inc.
DCOY,Decoy Therapeutics Inc.
ELVG,"Elvictor Group, Inc."
HVGDF,HARVEST GOLD CORP
EEIQ,EpicQuest Education Group International Ltd
GHST,GHST World Inc.
APTOF,Aptose Biosciences Inc.
IPSI,"Innovative Payment Solutions, Inc."
ARTL,"ARTELO BIOSCIENCES, INC."
XRTX,XORTX Therapeutics Inc.
KSEZ,Kinetic Seas Inc.
GSUN,Golden Sun Technology Group Ltd.
PPCB,"Propanc Biopharma, Inc."
CPCPF,CopperCorp Resources Inc.
GBR,"New Concept Energy, Inc."
PSYCF,Psyched Wellness Ltd.
CYAN,CYANOTECH CORP
MAGE,MAGELLAN COPPER & GOLD Corp
AAMTF,Armada Mercantile Ltd
NXTS,Nexentis Technologies Inc.
SRCO,"SPARTA COMMERCIAL SERVICES, INC."
VIVS,"VivoSim Labs, INC."
GCTK,"Glucotrack, Inc."
BITTF,BITTERROOT RESOURCES LTD
SNOA,"Sonoma Pharmaceuticals, Inc."
BTCY,BIOTRICITY INC.
MEHA,Functional Brands Inc.
PWDY,"POWERDYNE INTERNATIONAL, INC."
VYST,Vystar Corp
ABCFF,ABACUS MINING & EXPLORATION CORP
BYAH,"Park Ha Biological Technology Co., Ltd."
VEEE,"Twin Vee PowerCats, Co."
LVRLF,CordovaCann Corp.
VIZNF,VISIONARY METALS CORP.
OCG,Oriental Culture Holding LTD
RTCJF,Baijiayun Group Ltd
LMRMF,Lomiko Metals Inc.
BIXT,"BIOXYTRAN, INC"
VRRCF,VR Resources Ltd.
LBSR,LIBERTY STAR URANIUM & METALS CORP.
SEAV,SEATech Ventures Corp.
EHGO,EShallGo Inc.
SOBR,"SOBR Safe, Inc."
EZGO,EZGO Technologies Ltd.
EGMCF,EMERGENT METALS CORP.
GEGP,GOLD ENTERPRISE GROUP INC
MI,NFT Ltd
ITP,"IT TECH PACKAGING, INC."
AVCRF,Avricore Health Inc.
ATXG,ADDENTAX GROUP CORP.
FMHS,"FARMHOUSE, INC. /NV"
PLTYF,"Plastec Technologies, Ltd."
DXST,Decent Holding Inc.
VPRB,"VPR Brands, LP."
TOFB,TOFUTTI BRANDS INC
SYGCF,Sylla Gold Corp.
FLYE,"Fly-E Group, Inc."
HIGR,Hi-Great Group Holding Co
ZNB,Zeta Network Group
CHR,"Cheer Holding, Inc."
ROIUF,Route1 Inc.
SSEBF,SILVER SPRUCE RESOURCES INC.
SNRG,SusGlobal Energy Corp.
RAYA,Erayak Power Solution Group Inc.
LBGJ,Li Bang International Corp Inc.
BQ,Boqii Holding Ltd
GWAV,"Greenwave Technology Solutions, Inc."
ATPC,Agape ATP Corp
TBLLF,Tombill Mines Ltd
LXEH,Lixiang Education Holding Co. Ltd.
BNBX,BNB PLUS CORP.
MECPF,MUSTANG ENERGY CORP.
SGLY,Singularity Future Technology Ltd.
PGOL,PATRIOT GOLD CORP
VBIO,"Valion Bio, Inc."
CHSN,Chanson International Holding
NVSGF,Nevada Sunrise Metals Corp.
BTOG,BIT ORIGIN Ltd
OVTZ,OCULUS INC.
AUMN,Golden Minerals Co
ELOX,"Eloxx Pharmaceuticals, Inc."
KLSVF,KLONDIKE SILVER CORP.
OGEN,ORAGENICS INC
CNET,ZW Data Action Technologies Inc.
ABTS,Abits Group Inc
IPW,iPower Inc.
PKTX,"ProtoKinetix, Inc."
DOGP,"Dogecoin Cash, Inc."
CMND,Clearmind Medicine Inc.
ALTX,ALTEX INDUSTRIES INC
SPRC,SciSparc Ltd.
KCRD,"Kindcard, Inc."
CRUCF,Colibri Resource Corp
SRKZF,SKY GOLD CORP.
WHLT,CHASE PACKAGING CORP
MWAI,"MedWellAI, Inc."
CPMD,"CANNAPHARMARX, INC."
WCUFF,World Copper Ltd.
CNRCF,Canter Resources Corp.
ALDA,ATLANTICA INC
ELPW,Elong Power Holding Ltd.
LNKS,Linkers Industries Ltd
VTAK,"Catheter Precision, Inc."
CPMV,Mosaic ImmunoEngineering Inc.
FUNI,"Hypha Labs, Inc."
SENR,"Strategic Environmental & Energy Resources, Inc."
MMEX,MMEX Resources Corp
LUVU,"Luvu Brands, Inc."
GTCH,GBT Technologies Inc.
EZRA,"Reliance Global Group, Inc."
CIMG,CIMG Inc.
FRGT,"Freight Technologies, Inc."
DPLS,"DarkPulse, Inc."
DXF,Eason Technology Ltd
FDXTF,FENDX TECHNOLOGIES INC.
WTO,UTime Ltd
LINMF,Linear Minerals Corp
BJDX,"Bluejay Diagnostics, Inc."
HAO,Haoxi Health Technology Ltd
MDLK,ModuLink Inc.
BSPK,"Bespoke Extracts, Inc."
OMQS,OMNIQ Corp.
MASK,3 E Network Technology Group Ltd
SDOT,Sadot Group Inc.
FUST,FUSE GROUP HOLDING INC.
KUST,"KUSTOM ENTERTAINMENT, INC."
SCNI,Scinai Immunotherapeutics Ltd.
CRCE,"Circle Energy, Inc./NV"
AGSS,"AMERIGUARD SECURITY SERVICES, INC."
UK,Ucommune International Ltd
RKDA,"Arcadia Biosciences, Inc."
NVVE,Nuvve Holding Corp.
FGL,Founder Group Ltd
IMCC,IM Cannabis Corp.
IMTE,Integrated Media Technology Ltd
UPC,Universe Pharmaceuticals INC
FCUV,FOCUS UNIVERSAL INC.
DTCKF,DAVIS COMMODITIES Ltd
DEVS,DevvStream Corp.
ZVSA,"ZyVersa Therapeutics, Inc."
WTER,ALKALINE WATER Co INC
GMEX,GMEX Robotics Corp
LITSF,LITHOS GROUP LTD.
ESMC,ESCALON MEDICAL CORP
BRWC,Birdie Win Corp
AGNPF,Algernon Health Inc.
GTLL,GLOBAL TECHNOLOGIES LTD
ASFT,"Appsoft Technologies, Inc."
IBG,Innovation Beverage Group Ltd
ONCO,"Onconetix, Inc."
YBGJ,Yubo International Biotech Ltd
FFLO,"Free Flow USA, Inc."
BRVO,Bravo Multinational Inc.
RAKR,Rainmaker Worldwide Inc.
ISCO,International Stem Cell CORP
CISS,C3is Inc.
AGTX,Agentix Corp.
PTOS,"P2 Solar, Inc."
SKFG,"Stark Focus Group, Inc."
TWNPQ,Twin Hospitality Group Inc.
ODYY,"Odyssey Health, Inc."
PAVS,Paranovus Entertainment Technology Ltd.
PRFX,PRF Technologies Ltd.
RDGT,Ridgetech Inc.
BMTM,"Bright Mountain Media, Inc."
VISM,"VISIUM TECHNOLOGIES, INC."
CLDVF,Cloud3 Ventures Inc.
QIND,Quality Industrial Corp.
MITI,"Mitesco, Inc."
OZSC,"OZOP ENERGY SOLUTIONS, INC."
QPRC,QUEST PATENT RESEARCH CORP
HSTA,Hestia Insight Inc.
RAPH,Raphael Pharmaceutical Inc.
YYGH,YY Group Holding Ltd.
FECOF,FEC Resources Inc.
PNYG,Pony Group Inc.
DBMM,"Digital Brand Media & Marketing Group, Inc."
SKVI,"SKINVISIBLE, INC."
NULGF,NuLegacy Gold Corp
PTCO,PetroGas Co
GRXXF,Critical Reagent Processing Corp.
BZYR,BURZYNSKI RESEARCH INSTITUTE INC
BNRG,Brenmiller Energy Ltd.
CONC,CONECTISYS CORP
GMER,"GOOD GAMING, INC."
EVFM,"Evofem Biosciences, Inc."
CBDY,Target Group Inc.
VMAR,Vision Marine Technologies Inc.
EEGI,"Eline Entertainment Group, Inc."
NUMD,"Nu-Med Plus, Inc."
PTIX,"Protagenic Therapeutics, Inc.new"
TAAG,"Awareness Group, Inc."
GNTOF,GENTOR RESOURCES INC.
ATXI,"AVENUE THERAPEUTICS, INC."
ARRT,"Artisan Consumer Goods, Inc."
ENRT,Enertopia Corp.
OWPC,"One World Products, Inc."
FMTOF,Femto Technologies Inc.
EMMA,"Emmaus Life Sciences, Inc."
CSUI,CANNABIS SUISSE CORP.
QSJC,"TANCHENG GROUP CO., LTD."
NIHK,"Video River Networks, Inc."
NSTM,NovelStem International Corp.
LGHL,Lion Group Holding Ltd
KAVL,"Kaival Brands Innovations Group, Inc."
CBDW,1606 CORP.
TLSS,"Transportation & Logistics Systems, Inc."
EMBYF,Nexera Energy Inc.
GTIC,"Greentech Innovations, Inc."
SLDC,"Solidus Communications, Inc."
AIBT,"AIBOTICS, INC."
UOKAF,MDJM LTD
JFIL,"Jubilant Flame International, Ltd"
LIPO,LIPELLA PHARMACEUTICALS INC.
DDDX,"3DX Industries, Inc."
GRVE,GROOVE BOTANICALS INC.
VIIQ,VisitIQ Corp.
SATT,SATIVUS TECH CORP.
CLOW,"Cloudweb, Inc."
PRPH,"ProPhase Labs, Inc."
WINT,WINDTREE THERAPEUTICS INC /DE/
GBUX,"GIVBUX, INC."
ETUGF,E2Gold Inc.
MGAM,"Mobile Global Esports, Inc."
OMTK,Omnitek Engineering Corp
BBLR,Bubblr Inc.
STAI,ScanTech AI Systems Inc.
WORX,SCWorx Corp.
GPLB,Green Planet Bio Engineering Co. Ltd.
ITOX,"IIOT-OXYS, Inc."
CYTOF,Altamira Therapeutics Ltd.
NBND,NetBrands Corp.
FYNN,Fyntechnical Innovations Inc
NNAX,New Momentum Corp.
TMGI,"Transglobal Management Group, Inc."
RMTG,Regenerative Medical Technology Group Inc.
ATDS,"Data443 Risk Mitigation, Inc."
ONAR,Onar Holding Corp
PTPI,"Petros Pharmaceuticals, Inc."
MTLK,METALINK LTD
CIRX,CIRTRAN CORP
CNBX,CNBX Pharmaceuticals Inc.
ESHSF,Eddy Smart Home Solutions Ltd.
WNLV,Winvest Group Ltd
GCAN,"Greater Cannabis Company, Inc."
GNOLF,GENOIL INC
NFSN,"Nongfu Shop Digital New Retail Co., Ltd"
CPTAF,Captivision Inc.
LEEN,"Leopard Energy, Inc."
SPOWF,Strata Power Corp
WOK,WORK Medical Technology Group LTD
FCHS,"First Choice Healthcare Solutions, Inc."
VIVC,VIVIC CORP.
BDPT,"BIOADAPTIVES, INC."
ADTX,"Aditxt, Inc."
LILMF,Lilium N.V.
BHATF,Blue Hat Interactive Entertainment Technology
BOTY,"LINGERIE FIGHTING CHAMPIONSHIPS, INC."
PNXP,PINEAPPLE EXPRESS CANNABIS Co
SIGY,"Sigyn Therapeutics, Inc."
OCEA,"Ocean Biomedical, Inc."
BINI,"BOLLINGER INNOVATIONS, INC."
BSFC,Blue Star Foods Corp.
STEK,Stemtech Corp
CWNOF,CHINESEWORLDNET COM INC
QTTOY,Qutoutiao Inc.
WLGSF,"WANG & LEE GROUP, Inc."
GTIJF,GRAPHJET TECHNOLOGY
STRG,"STARGUIDE GROUP, INC."
KHOBF,KHEOBA Ltd
IBL,I Bella Perfect Inc.
GOW,GOWell Energy Technology
XXC,XINXU COPPER INDUSTRY TECHNOLOGY Ltd
TVCN,TV Channels Network Inc.
ETI-P,"ENTERGY TEXAS, INC."
CCIL,CALM Chain International Ltd
CNXU,Conexeu Sciences Inc.
QNT,Quantinuum Inc.
OBX,"Gazelle Parent, Inc."
WATR,Air Water Ventures Ltd
EVON,EvoNexus Group LTD
GBH,Gigabit Inc.
SLBT,SL Science Holding Ltd
MEDG,MEDI Group Ltd
LHI,Living Homeopathy International Ltd.
FRFAF,Fresh Factory B.C. Ltd.
EMI,"Encore Medical, Inc."
KPL,Kepler Group Ltd
AFA,FARLONG HOLDING Corp
TTEI,TDE GROUP Ltd
WHK,WhiteHawk Income Corp
GDGIF,"Gemdale Gold, Inc"
YLY,Zi Yun Dong Fang Ltd
MANU,Manchester United plc
WDSP,"World Scan Project, Inc."
INHI,Unitrend Entertainment Group Ltd
AMBO,Ambow Education Holding Ltd.
VYCO,VYCOR MEDICAL INC
ASTI,"Ascent Solar Technologies, Inc."
TXRP,"TX Rail Products, Inc."
SVA,SINOVAC BIOTECH LTD
ACCO,ACCO BRANDS Corp
SDSYA,SOUTH DAKOTA SOYBEAN PROCESSORS LLC
CMS-PB,CONSUMERS ENERGY CO
BYDDF,BYD CO LTD
AIQUF,L AIR LIQUIDE SA /FI
SNPMF,CHINA PETROLEUM & CHEMICAL CORP
MBGAF,DAIMLER AG
PPRUF,Kering
KDDIF,KDDI CORP
DKILF,Daikin Industries Ltd
ITOCF,ITOCHU CORP
CODGF,COMPAGNIE DE SAINT GOBAIN
SAXPF,Sampo OYJ
HMRZF,H&M HENNES & MAURITZ AB
CHKIF,CHINA SOUTHERN AIRLINES CO LTD
SGIOF,SHIONOGI & CO LTD
SHECF,"Shin-Etsu Chemical Co., Ltd."
ALMMF,ALUMINUM CORP OF CHINA LTD
PRYMF,Prysmian S.p.A.
ALTB,Alpine Auto Brokers Inc.
MITUF,Mitsui Chemicals Inc
SPTJF,SINOPEC SHANGHAI PETROCHEMICAL CO LTD
PIFMF,"Indofood Sukses Makmur, Tbk"
TYTMF,Tokyo Tatemono Co Ltd
SLNO,SOLENO THERAPEUTICS INC
MCW,"Mister Car Wash, Inc."
CDGLF,ComfortDelGro Corp Ltd
CODQL,Coronado Global Resources Inc.
DRSHF,DroneShield Ltd
ARZTF,ARYZTA AG (fka IAWS GROUP PLC)
GDRZF,GOLD RESERVE LTD
ERLFF,Entree Resources Ltd.
BNIGF,Beroni Group Ltd
EBRCZ,"EBR Systems, Inc."
WONDF,WonderFi Technologies Inc.
CHPGF,Chesapeake Gold Corp
LUCN,"Lucent, Inc."
OCGSF,Outcrop Silver & Gold Corp
CRTD,"Creatd, Inc."
RAASY,Cloopen Group Holding Ltd
GGROU,Golden Growers Cooperative
FUUFF,F3 Uranium Corp.
ARRKF,ARRAS MINERALS CORP.
HSTC,"HST Global, Inc."
NSRCF,NextSource Materials Inc.
HCIL,"Hongchang International Co., Ltd"
FORA,Forian Inc.
LIVG,"Livento Group, Inc."
CIZN,CITIZENS HOLDING CO /MS/
VICP,"Vicapsys Life Sciences, Inc."
SCYYF,SCANDIUM INTERNATIONAL MINING CORP.
AVLNF,Avalon Advanced Materials Inc.
BIOE,Bio Essence Corp
MLMC,"FrankSpeech Network, Inc."
SALM,"SALEM MEDIA GROUP, INC. /DE/"
AATC,AUTOSCOPE TECHNOLOGIES CORP
CLCS,"Cell Source, Inc."
HSTI,"High Sierra Technologies, Inc."
GWLL,"GOLDENWELL BIOTECH, INC."
HLLK,"HALLMARK VENTURE GROUP, INC."
MRZLF,Mirasol Resources Ltd
ANEB,"Anebulo Pharmaceuticals, Inc."
BZRD,"Blubuzzard, Inc."
SFES,SAFEGUARD SCIENTIFICS INC
ABIT,Athena Bitcoin Global
GSTX,Graphene & Solar Technologies Ltd
BQST,Bioquest Corp
HOOK,HOOKIPA Pharma Inc.
MCLE,Medicale Corp.
BNSOF,BONSO ELECTRONICS INTERNATIONAL INC
CUBT,Curative Biotechnology Inc
SWISF,Sekur Private Data Ltd.
SGTM,"Sustainable Green Team, Ltd."
AGLY,Atlantis Glory Inc.
PAXH,PREAXIA HEALTH CARE PAYMENT SYSTEMS INC.
TAIT,TAITRON COMPONENTS INC
EVTK,EVENTIKO INC.
PMEDF,Predictmedix Inc.
CJAX,CoJax Oil & Gas Corp
FEOVF,OCEANIC IRON ORE CORP
GLUC,"Glucose Health, Inc."
VISL,"Vislink Technologies, Inc."
NEXCF,Nextech3D.AI Corp.
GBCS,"SELECTIS HEALTH, INC."
VMNT,"Vemanti Group, Inc."
SILEF,Silver Elephant Mining Corp.
EESH,"EESTech, Inc."
BRRN,Bryn Inc.
MVCO,"Metavesco, Inc."
BBBXF,Brixton Metals Corp
XONI,"Xtreme One Entertainment, Inc."
RMESF,"RED METAL RESOURCES, LTD."
RSCF,"REFLECT SCIENTIFIC, INC."
EGTYF,Eguana Technologies Inc.
TGCB,"Tego Cyber, Inc."
ACRL,"Atacama Resources International, Inc."
WDLF,"Decentral Life, Inc."
FZMD,"Fuse Medical, Inc."
BWMG,"Brownie's Marine Group, Inc"
GRFXY,Graphex Group Ltd
VCNX,"VACCINEX, INC."
RDAR,"Telvantis, Inc."
UCASU,UC Asset LP
KNOS,KRONOS ADVANCED TECHNOLOGIES INC
DTGI,"Digerati Technologies, Inc."
IWAL,iWallet Corp
KITL,Kisses From Italy Inc.
JRSS,JRSIS HEALTH CARE Corp
EBZT,"Everything Blockchain, Inc."
CANN,TREES Corp (Colorado)
MYCB,"My City Builders, Inc."
AXIM,"AXIM BIOTECHNOLOGIES, INC."
CLSDQ,"Clearside Biomedical, Inc."
UCLE,US NUCLEAR CORP.
RNGC,Ranger Gold Corp.
SYIN,"Synbio International, Inc."
LYRA,"Lyra Therapeutics, Inc."
SPQS,"SportsQuest, Inc."
BRLL,Barrel Energy Inc.
MGHL,MORGAN GROUP HOLDING CO
PCYN,PROCYON CORP
CPWR,Ocean Thermal Energy Corp
SSKN,"STRATA Skin Sciences, Inc."
FVTI,"Fortune Valley Treasures, Inc."
HBUV,Hubilu Venture Corp
DREM,Dream Homes & Development Corp.
MAJI,Nextel Medical Corp.
NTRR,NEUTRA CORP.
DTII,DEFENSE TECHNOLOGIES INTERNATIONAL CORP.
FGNV,FORGE INNOVATION DEVELOPMENT CORP.
PHBI,Pharmagreen Biotech Inc.
MDEX,Madison Technologies Inc.
ADMG,ADAMANT DRI PROCESSING & MINERALS GROUP
EHVVF,"Ehave, Inc."
RTON,"Right On Brands, Inc."
CRDV,Community Redevelopment Inc.
TPICQ,"TPI COMPOSITES, INC"
KOAN,"Resonate Blends, Inc."
MMMW,MASS MEGAWATTS WIND POWER INC
LTESF,Leet INC.
GXXM,"GEX MANAGEMENT, INC."
EDGM,"Edgemode, Inc."
EMED,"Electromedical Technologies, Inc"
NICH,NITCHES INC
ENDV,"ENDONOVO THERAPEUTICS, INC."
SONX,"Sonendo, Inc."
SEII,SHARING ECONOMY INTERNATIONAL INC.
ACBM,"ACRO BIOMEDICAL CO., LTD."
SNPW,Sun Pacific Holding Corp.
DSGT,DSG Global Inc.
DLTI,DLT Resolution Inc.
SONG,Music Licensing Inc.
NXUR,"Nxu, Inc."
WCPRF,WHITECAP RESOURCES INC.
PSPX,Pacific Sports Exchange Inc.
DRRKF,dormakaba Holding AG
GIGGF,Giga Metals Corp
HMELF,Hold Me Ltd
MINR,Minerva Gold Inc.
LSEB,LSEB Creative Corp.
SHFH,Scientist Home Future Health Ltd
DAZSF,ZKGC New Energy Ltd
OKMN,"OKMIN RESOURCES, INC."
ACAT,NP Life Sciences Health Industry Group Inc.
HSCT,HOOPS SCOUTING USA
TRSO,TRANSUITE.ORG INC.
ANKM,"Ankam, Inc."
RTEZ,REST EZ Inc.
KUKEY,Kuke Music Holding Ltd
TRWD,Tradewinds Universal
TANAF,Tian'an Technology Group Ltd
GDLG,Glidelogic Corp.
STHRF,Strathcona Resources Ltd.
GLTK,GlobalTech Corp
LMMY,"Exousia Bio, Inc."
RPDL,Rapid Line Inc.
WLSS,Welsis Corp.
LIANY,LianBio
APXCF,APEX CRITICAL METALS CORP.
KMFG,KEEMO Fashion Group Ltd
CYJBF,Cargotec Corp OYJ
COBA,Chilean Cobalt Corp.
AMLIF,American Lithium Corp.
SNIRF,SENIOR PLC
CMCLF,"China Molybdenum Co., Ltd."
NASC,Can B Corp
CITAF,CHINA SHIPPING CONTAINER LINES CO LTD
SGBAF,SES S.A.
SKLTF,Seek Ltd
ASAIY,Sendas Distributor S.A.
GRKZF,Greek Organisation of Football Prognostics S.A.
RDCT,"VNUE, Inc."
CSCIF,COSCIENS Biopharma Inc.
ANG-PD,American National Group Inc.
RMTHF,MAGIC SOFTWARE ENTERPRISES LTD
PNMXO,PUBLIC SERVICE CO OF NEW MEXICO
DHTI,"Dalrada Technology Group, Inc."
BYDIF,BYD Electronic (International) Co Ltd
TGOPF,3i GROUP PLC
WEXPF,WESTERN EXPLORATION INC.
MT,ArcelorMittal
